Country,Year,overallreadiness,socialreadiness,economicreadiness,governmentreadiness,ecosystemvulnerability,exposure,foodvulnerability,habitatvulnerability,healthvulnerability,watervulnerability,overallvulnerability,GDPPerCapita,PercGDPContributionOfAgriForestFish,publicvoiceandgovaccountabilityindex
Brunei Darussalam,1995,-0.178337395,0.17485291,0.5225588529999999,0.6915820859999999,0.399450952,0.404784518,0.434200717,0.625080626,0.39655638200000004,0.285724391,0.108406556,15933.452830000002,15933.452830000002,
Cambodia,1995,-0.05982788,0.196208568,0.31385948,0.330263313,0.463644922,0.393904762,0.6372696210000001,0.5718836820000001,0.5074401789999999,0.5669294570000001,0.065537876,322.9315754,322.9315754,
Canada,1995,0.14376905,0.459899,0.485895449,0.8278353279999999,0.400139895,0.43349377200000005,0.24337994300000002,0.5049885000000001,0.291676958,0.204684643,-0.09768947300000001,20613.78788,20613.78788,
France,1995,0.144454009,0.542928239,0.45584507399999996,0.7387537209999999,0.291479451,0.39666662700000005,0.319083189,0.389451975,0.25314612,0.306369835,-0.112213404,26890.21762,26890.21762,
Germany,1995,0.169406563,0.5561334,0.475100654,0.8208030620000001,0.280313378,0.34677031399999997,0.221774506,0.362966036,0.24578801100000003,0.40203882700000004,-0.10132563,31658.34938,31658.34938,
Indonesia,1995,0.015052537,0.233235286,0.503789524,0.38117846,0.47540850799999995,0.517932426,0.602365079,0.532566827,0.482699903,0.418618761,0.010083512,1026.3934359999998,1026.3934359999998,
Italy,1995,0.029601337999999998,0.386916996,0.359080919,0.669977768,0.34640915299999997,0.44107370799999995,0.31922788,0.382739569,0.20790366100000002,0.329804119,-0.08575505300000001,20664.55227,20664.55227,
Japan,1995,0.164042234,0.6038488120000001,0.5034005229999999,0.7272963859999999,0.474524145,0.519500569,0.271063508,0.46857650700000003,0.144272713,0.382370252,-0.051354976,44197.6191,44197.6191,
Lao PDR,1995,-0.040706053,0.19740117199999999,0.330294798,0.378319588,0.557445536,0.39377682,0.646767861,0.551481161,0.615998983,0.461857442,0.083270885,363.88005239999995,363.88005239999995,
Malaysia,1995,0.0053210490000000004,0.16247895099999998,0.39817558200000003,0.615730762,0.369049778,0.442959989,0.505651462,0.514855457,0.38766989399999996,0.277319694,-0.071337045,4329.707998,4329.707998,
Myanmar,1995,-0.069966418,0.107749668,0.49270297799999996,0.206757213,0.559146186,0.565127233,0.567118103,0.598675541,0.675996225,0.40276562899999996,0.075015384,111.14081359999999,111.14081359999999,
Philippines,1995,-0.023953602,0.196803306,0.313275977,0.468966204,0.42996074799999995,0.492328186,0.5256786520000001,0.61715497,0.47780137200000006,0.519270192,0.025944331,1212.9444369999999,1212.9444369999999,
Singapore,1995,0.063318647,0.342229815,0.516626578,0.840669276,0.349676827,0.538326679,0.270959638,0.458100441,0.30404507199999997,0.549206402,0.033275663999999996,24914.41126,24914.41126,
Thailand,1995,0.019497748999999998,0.20035059100000002,0.43036546700000006,0.534231861,0.480400903,0.457569648,0.505313743,0.35733417,0.427540541,0.435607862,-0.022447396,2846.586834,2846.586834,
United Kingdom,1995,0.177074987,0.513784741,0.47937967200000003,0.8390458690000001,0.286945432,0.389993666,0.19782504199999998,0.40115238700000005,0.261048502,0.360161926,-0.12068406300000001,23206.56856,23206.56856,
United States,1995,0.150419313,0.559863321,0.5225588529999999,0.786576332,0.42838572799999997,0.48103446299999997,0.35760029600000004,0.44945361100000003,0.141044759,0.27611587600000004,-0.072398401,28690.8757,28690.8757,
Viet Nam,1995,0.000691929,0.199364355,0.383879773,0.44726785399999996,0.558990235,0.49079144700000005,0.542331391,0.508014699,0.47250470200000005,0.46751245799999996,0.038031802999999996,276.8126628,276.8126628,
Brunei Darussalam,1996,-0.183636407,0.17891274,0.5225588529999999,0.6915820859999999,0.397735199,0.404784518,0.433277475,0.624293798,0.39655638200000004,0.285724391,0.112335357,16793.39123,16793.39123,-0.6499723000000001
Cambodia,1996,-0.05983083,0.196721146,0.31385948,0.330263313,0.464902424,0.393904762,0.636897296,0.5717595879999999,0.5074401789999999,0.5669294570000001,0.06577129,319.2863136,319.2863136,-0.7494724
Canada,1996,0.142878489,0.465221381,0.485895449,0.8278353279999999,0.402541236,0.43349377200000005,0.242476915,0.50463309,0.291676958,0.204684643,-0.095765092,21227.347530000003,21227.347530000003,1.566336
France,1996,0.146221354,0.556485522,0.45584507399999996,0.7387537209999999,0.29193033399999996,0.39666662700000005,0.312516387,0.39015105299999997,0.16687568,0.306369835,-0.125514682,26871.83127,26871.83127,1.311158
Germany,1996,0.16865568,0.561177999,0.475100654,0.8208030620000001,0.28340977100000003,0.34677031399999997,0.22011494199999998,0.36349612600000003,0.245103157,0.40203882700000004,-0.099294381,30485.86655,30485.86655,1.3288950000000002
Indonesia,1996,0.013447581,0.233685222,0.503789524,0.38117846,0.48696726799999995,0.517932426,0.605596444,0.543006843,0.482699903,0.418618761,0.013911468,1137.410101,1137.410101,-0.9236898000000001
Italy,1996,0.02695825,0.388425335,0.359080919,0.669977768,0.349001613,0.44107370799999995,0.319727671,0.38356221100000004,0.207032414,0.329804119,-0.083169412,23081.60468,23081.60468,1.129291
Japan,1996,0.161308826,0.6114150079999999,0.5034005229999999,0.7272963859999999,0.476143196,0.519500569,0.27074909199999997,0.468408865,0.144272713,0.382370252,-0.047628085,39150.03963,39150.03963,1.07293
Lao PDR,1996,-0.040686577,0.19874899,0.330294798,0.378319588,0.557445536,0.39377682,0.645332447,0.553053507,0.630293371,0.461857442,0.08644787400000001,378.4286058,378.4286058,-1.13253
Malaysia,1996,0.004380108,0.17361657100000003,0.39817558200000003,0.615730762,0.368293015,0.442959989,0.5076312860000001,0.515440438,0.38736488700000005,0.277319694,-0.067754841,4798.61177,4798.61177,-0.18106989999999998
Myanmar,1996,-0.069541037,0.10962927900000001,0.49270297799999996,0.206757213,0.555966984,0.565127233,0.566985023,0.596843349,0.6759792809999999,0.40276562899999996,0.074391152,129.5689382,129.5689382,-1.889918
Philippines,1996,-0.023766033,0.19962878899999997,0.313275977,0.468966204,0.432850461,0.492328186,0.523998836,0.61485734,0.47780137200000006,0.519270192,0.026105077,1325.571064,1325.571064,0.2577279
Singapore,1996,0.067245558,0.379464609,0.516626578,0.840669276,0.350093316,0.538326679,0.270406491,0.458162175,0.30404507199999997,0.549206402,0.039006482,26233.6289,26233.6289,0.13981559999999998
Thailand,1996,0.018361436999999998,0.203208024,0.43036546700000006,0.534231861,0.488918945,0.457569648,0.504100229,0.355530405,0.442485894,0.435607862,-0.017631418,3043.980314,3043.980314,0.310659
United Kingdom,1996,0.17264171399999997,0.519333148,0.47937967200000003,0.8390458690000001,0.286068931,0.389993666,0.196212065,0.401286199,0.26048791,0.360161926,-0.116932422,24438.53117,24438.53117,1.272319
United States,1996,0.14618873699999999,0.565381978,0.5225588529999999,0.786576332,0.42922652200000005,0.48103446299999997,0.356992782,0.450052399,0.273475779,0.27611587600000004,-0.046006132000000005,29967.71272,29967.71272,1.348661
Viet Nam,1996,0.0009180389999999999,0.201961213,0.383879773,0.44726785399999996,0.560160004,0.49079144700000005,0.530379971,0.508133266,0.47250470200000005,0.46751245799999996,0.036381944,324.1472239,324.1472239,-1.087494
Brunei Darussalam,1997,-0.18403367899999998,0.17969090100000001,0.5225588529999999,0.6696961379999999,0.39684209600000003,0.404784518,0.432365011,0.623022754,0.37511056299999995,0.285724391,0.103757735,16660.14763,16660.14763,
Cambodia,1997,-0.0623188,0.19620483800000002,0.31385948,0.323650972,0.462007265,0.393904762,0.6400265079999999,0.569428942,0.507586752,0.5669294570000001,0.065575245,304.7647688,304.7647688,
Canada,1997,0.140332471,0.47375829799999997,0.485895449,0.8288244859999999,0.402758214,0.43349377200000005,0.240194011,0.504096698,0.291676958,0.204684643,-0.092429031,21901.56285,21901.56285,
France,1997,0.142177055,0.563768621,0.45584507399999996,0.73259757,0.294393949,0.39666662700000005,0.311807863,0.39076475299999996,0.252633538,0.306369835,-0.10787325800000001,24228.94639,24228.94639,
Germany,1997,0.167733888,0.566376152,0.475100654,0.8206093240000001,0.286985111,0.34677031399999997,0.21923334,0.36416551799999997,0.244853221,0.40203882700000004,-0.097064748,26964.049469999998,26964.049469999998,
Indonesia,1997,0.00276159,0.241114959,0.503789524,0.34515742200000005,0.497770172,0.517932426,0.582162527,0.5260330320000001,0.482699903,0.418618761,0.007723964,1063.712376,1063.712376,
Italy,1997,0.023502111000000003,0.393456704,0.359080919,0.666918184,0.35073581200000004,0.44107370799999995,0.318768145,0.38440875799999996,0.20559351399999998,0.329804119,-0.080339983,21829.34582,21829.34582,
Japan,1997,0.15961456,0.619438455,0.5034005229999999,0.7231907320000001,0.47424384700000005,0.519500569,0.269827824,0.468585209,0.140743949,0.382370252,-0.046684471,35638.231960000005,35638.231960000005,
Lao PDR,1997,-0.042001856,0.199080686,0.330294798,0.37541589,0.557445536,0.39377682,0.643945271,0.554077502,0.627739995,0.461857442,0.08617432800000001,345.92184419999995,345.92184419999995,
Malaysia,1997,-0.004679539,0.178430628,0.39817558200000003,0.594372944,0.36762273100000004,0.442959989,0.496911239,0.515236893,0.38461982200000006,0.277319694,-0.066244075,4637.865661,4637.865661,
Myanmar,1997,-0.069757591,0.111524237,0.49270297799999996,0.204771703,0.555430026,0.565127233,0.566615868,0.595605614,0.6759623359999999,0.40276562899999996,0.07412824900000001,125.10368909999998,125.10368909999998,
Philippines,1997,-0.020698885,0.1981299,0.313275977,0.481724575,0.433734678,0.492328186,0.521977483,0.613334277,0.477660165,0.519270192,0.025932278,1288.580731,1288.580731,
Singapore,1997,0.065866559,0.41147805600000004,0.516626578,0.839001399,0.34559831799999996,0.538326679,0.270068656,0.457539044,0.30404507199999997,0.549206402,0.045882197,26375.97195,26375.97195,
Thailand,1997,0.025903713999999998,0.210615062,0.43036546700000006,0.547116756,0.496795301,0.457569648,0.501438343,0.354001136,0.426732272,0.435607862,-0.020448621,2468.18473,2468.18473,
United Kingdom,1997,0.172042024,0.527930437,0.47937967200000003,0.8458822029999999,0.285220684,0.389993666,0.197089455,0.4011695,0.119184852,0.360161926,-0.136895968,26742.98485,26742.98485,
United States,1997,0.140116087,0.564316876,0.5225588529999999,0.790694365,0.43202890899999996,0.48103446299999997,0.35630014200000004,0.450274797,0.272063709,0.27611587600000004,-0.040973451,31459.13898,31459.13898,
Viet Nam,1997,0.000230085,0.20687283899999998,0.383879773,0.44214564700000003,0.561249664,0.49079144700000005,0.530217454,0.506214669,0.47250470200000005,0.46751245799999996,0.036434006,348.01740710000007,348.01740710000007,
Brunei Darussalam,1998,-0.18563733300000002,0.181169925,0.5225588529999999,0.647810191,0.397471636,0.404784518,0.439432986,0.621513604,0.353664744,0.285867341,0.097722154,12694.148959999999,12694.148959999999,-0.7231966
Cambodia,1998,-0.064383132,0.197000591,0.31385948,0.317038632,0.462165375,0.393904762,0.648444743,0.565337161,0.507733325,0.566929534,0.06643152599999999,268.9903722,268.9903722,-0.815466
Canada,1998,0.132600907,0.46459368,0.485895449,0.8298136429999999,0.40007027799999995,0.43349377200000005,0.23885853899999998,0.503275351,0.15465247199999999,0.204680715,-0.11279169900000001,21024.585069999997,21024.585069999997,1.551413
France,1998,0.136489957,0.56887303,0.45584507399999996,0.72644142,0.292832098,0.39666662700000005,0.31088618100000004,0.39126463899999997,0.252461266,0.306683895,-0.10431638800000001,24974.27386,24974.27386,1.1717819999999999
Germany,1998,0.165974964,0.5724163489999999,0.475100654,0.820415586,0.285968729,0.34677031399999997,0.21548756800000002,0.364839095,0.24419802,0.400571787,-0.09541495,27289.059360000003,27289.059360000003,1.291888
Indonesia,1998,-0.004678095,0.24501412,0.503789524,0.309136383,0.505737309,0.517932426,0.5685434420000001,0.541240446,0.482699903,0.41907559999999994,0.006582093000000001,463.94815819999997,463.94815819999997,-1.02447
Italy,1998,0.017679794,0.39548692399999996,0.359080919,0.663858601,0.34808773,0.44107370799999995,0.31924141,0.385321101,0.204448325,0.329266557,-0.07707220599999999,22318.1373,22318.1373,1.063974
Japan,1998,0.160297832,0.624565018,0.5034005229999999,0.719085078,0.47471557299999995,0.519500569,0.27484524,0.46803684700000003,0.137215185,0.381987168,-0.046829349000000006,32423.755610000004,32423.755610000004,0.9467865
Lao PDR,1998,-0.042762589000000004,0.200416565,0.330294798,0.372512193,0.557445536,0.39377682,0.6422945720000001,0.554665972,0.6251866189999999,0.462755507,0.085791895,248.8390915,248.8390915,-1.306519
Malaysia,1998,-0.0015840560000000001,0.19380225199999998,0.39817558200000003,0.573015127,0.368457123,0.442959989,0.495289294,0.513888921,0.384408011,0.278259303,-0.070908307,3263.334883,3263.334883,-0.42195479999999996
Myanmar,1998,-0.06998223,0.113388805,0.49270297799999996,0.20278619399999998,0.555568372,0.565127233,0.568510066,0.594374495,0.675945391,0.40285036700000004,0.07380141,101.13895169999999,101.13895169999999,-1.918437
Philippines,1998,-0.016088961000000002,0.198422982,0.313275977,0.494482947,0.437345486,0.492328186,0.524687363,0.608801516,0.457444024,0.51916615,0.022538917000000002,997.5936933,997.5936933,0.4197113
Singapore,1998,0.07784239400000001,0.42440159200000005,0.516626578,0.8373335209999999,0.34822043799999997,0.538326679,0.270268356,0.45166152299999995,0.30404507199999997,0.549223305,0.039804101,21829.29987,21829.29987,0.1125008
Thailand,1998,0.037259221,0.223940355,0.43036546700000006,0.5600016520000001,0.502086346,0.457569648,0.501219765,0.352561069,0.42457519299999996,0.436078249,-0.022188778,1845.8288699999998,1845.8288699999998,0.3824737
United Kingdom,1998,0.17509306,0.538834711,0.47937967200000003,0.8527185359999999,0.290555583,0.389993666,0.195652204,0.40085587,0.25908572399999996,0.360249569,-0.111069476,28269.32251,28269.32251,1.1952770000000001
United States,1998,0.135620516,0.56660118,0.5225588529999999,0.7948123979999999,0.43252095,0.48103446299999997,0.355105932,0.450257726,0.272063709,0.277329653,-0.036401147,32853.67695,32853.67695,1.336877
Viet Nam,1998,-0.00023851099999999998,0.21191648600000002,0.383879773,0.437023441,0.558681373,0.49079144700000005,0.547341098,0.50380418,0.474012793,0.46838968200000003,0.036804874,348.3243173,348.3243173,-1.347713
Brunei Darussalam,1999,-0.18808821899999997,0.18958055899999998,0.5225588529999999,0.652525063,0.39802157299999996,0.404784518,0.439737469,0.61976854,0.332218926,0.286010291,0.098640546,14101.17285,14101.17285,
Cambodia,1999,-0.058051054000000005,0.197793804,0.31385948,0.33668940700000005,0.46135536,0.393904762,0.654288149,0.56005836,0.52229064,0.566929611,0.072530207,295.9031784,295.9031784,
Canada,1999,0.132907238,0.485253306,0.485895449,0.831834847,0.40238582700000003,0.43349377200000005,0.23670075100000001,0.502342263,0.291676958,0.204676787,-0.084745785,22315.24667,22315.24667,
France,1999,0.134382689,0.57139585,0.45584507399999996,0.73113152,0.29328298,0.39666662700000005,0.309481319,0.391715525,0.161738568,0.30699795399999996,-0.11648611099999999,24681.53701,24681.53701,
Germany,1999,0.166663235,0.584885855,0.475100654,0.823519489,0.28631202899999997,0.34677031399999997,0.21629315,0.36558038600000003,0.24367696600000002,0.39910474700000004,-0.092500565,26734.94254,26734.94254,
Indonesia,1999,-0.00043307800000000004,0.251842972,0.503789524,0.31556877899999997,0.514843109,0.517932426,0.56430061,0.542964907,0.482699903,0.41953244,0.007229799,671.0986097,671.0986097,
Italy,1999,0.019465595,0.406358835,0.359080919,0.666649277,0.34481936799999996,0.44107370799999995,0.317690126,0.386383564,0.203452815,0.328728994,-0.075999445,22005.05454,22005.05454,
Japan,1999,0.16499524,0.634166016,0.5034005229999999,0.727165356,0.474815738,0.519500569,0.271725489,0.46923059200000006,0.133766203,0.381604085,-0.046851073,36610.16832,36610.16832,
Lao PDR,1999,-0.052264292000000004,0.203275016,0.330294798,0.342748902,0.557445536,0.39377682,0.6405846,0.5549603160000001,0.622633242,0.46365357100000004,0.08553852699999999,277.810213,277.810213,
Malaysia,1999,-0.000652342,0.20646003100000002,0.39817558200000003,0.571329645,0.36776306700000005,0.442959989,0.492363481,0.514729546,0.384196201,0.279198911,-0.068882741,3492.670125,3492.670125,
Myanmar,1999,-0.071703775,0.118190116,0.49270297799999996,0.193966909,0.555568372,0.565127233,0.5705697829999999,0.5931920279999999,0.6759284459999999,0.402935105,0.072939554,122.21063909999998,122.21063909999998,
Philippines,1999,-0.030639215,0.20105998,0.313275977,0.44925286299999995,0.44075324899999996,0.492328186,0.519070206,0.6073736270000001,0.437227883,0.519062108,0.018404016999999998,1122.032017,1122.032017,
Singapore,1999,0.079465878,0.457900161,0.516626578,0.843010461,0.34740996,0.538326679,0.26908345100000003,0.44993126200000005,0.24046971,0.549240207,0.03631598,21796.084440000002,21796.084440000002,
Thailand,1999,0.040305923,0.234373915,0.43036546700000006,0.563282498,0.511243551,0.457569648,0.493062493,0.351266304,0.423612726,0.436548636,-0.021182322000000003,2033.258009,2033.258009,
United Kingdom,1999,0.176715129,0.55787643,0.47937967200000003,0.849642366,0.289078995,0.389993666,0.19115433399999998,0.400417691,0.258883798,0.360337212,-0.11001887099999999,28726.857210000002,28726.857210000002,
United States,1999,0.13360846099999998,0.57633968,0.5225588529999999,0.8027111809999999,0.43250251,0.48103446299999997,0.35335054299999996,0.450167151,0.270651638,0.278543429,-0.031147531000000003,34513.5615,34513.5615,
Viet Nam,1999,-0.000659348,0.211660702,0.383879773,0.437278279,0.558681373,0.49079144700000005,0.547083974,0.49604936899999996,0.473419724,0.46926690600000004,0.035071342,362.9195028,362.9195028,
Brunei Darussalam,2000,-0.19357962399999998,0.19557547600000003,0.5225588529999999,0.657239936,0.398571509,0.404784518,0.44004913700000003,0.6173447360000001,0.310773107,0.286153241,0.10095901,18012.50219,18012.50219,-0.712919
Cambodia,2000,-0.05172344,0.198616047,0.31385948,0.356340182,0.46135536,0.393904762,0.660130515,0.554770925,0.508944881,0.566929688,0.068245537,300.613679,300.613679,-0.7807828
Canada,2000,0.13152799099999998,0.500764846,0.485895449,0.8338560509999999,0.40265588399999996,0.43349377200000005,0.236697711,0.501406145,0.22249539399999999,0.20467285899999998,-0.091418329,24271.00206,24271.00206,1.531965
France,2000,0.12929100699999999,0.577023629,0.45584507399999996,0.7358216190000001,0.293733862,0.39666662700000005,0.30582915,0.392200031,0.151711456,0.30731201399999997,-0.112868285,22419.69482,22419.69482,1.182987
Germany,2000,0.16902343,0.601978844,0.475100654,0.8266233909999999,0.286655328,0.34677031399999997,0.206805121,0.36645939200000005,0.122524152,0.39763770600000004,-0.11129061300000001,23694.76048,23694.76048,1.314802
Indonesia,2000,0.000540895,0.252038868,0.503789524,0.322001175,0.525298933,0.517932426,0.530863246,0.523638291,0.482699903,0.41998928,0.001554319,780.1902047,780.1902047,-0.2701759
Italy,2000,0.028590735,0.452077202,0.359080919,0.6694399520000001,0.344926067,0.44107370799999995,0.31508965,0.38766511299999995,0.23917254699999999,0.328191432,-0.065488346,20137.59122,20137.59122,1.040719
Japan,2000,0.164103277,0.644988191,0.5034005229999999,0.735245633,0.474915903,0.519500569,0.263607388,0.47064425299999996,0.13031722199999998,0.381221001,-0.043713064,39169.35957,39169.35957,0.9580879999999999
Lao PDR,2000,-0.061735548,0.206188922,0.330294798,0.312985611,0.557445536,0.39377682,0.638813556,0.555023607,0.620079866,0.464551636,0.08521864300000001,325.1869371,325.1869371,-1.341206
Malaysia,2000,-3.09e-06,0.224888272,0.39817558200000003,0.569644164,0.36841903600000003,0.442959989,0.484095014,0.513742416,0.355600081,0.280138519,-0.07041523400000001,4043.662923,4043.662923,-0.4210822
Myanmar,2000,-0.073611611,0.122993419,0.49270297799999996,0.185147625,0.555568372,0.565127233,0.57263356,0.579384706,0.675843722,0.403019843,0.070265392,146.6045788,146.6045788,-2.0398110000000003
Philippines,2000,-0.045340755999999996,0.204282281,0.313275977,0.404022779,0.444161013,0.492328186,0.513200301,0.606171341,0.417011742,0.518958066,0.014019696000000002,1072.8017519999999,1072.8017519999999,0.2323654
Singapore,2000,0.08659616199999999,0.528176816,0.516626578,0.848687401,0.347409497,0.538326679,0.266621311,0.44821855200000005,0.23794747,0.54925711,0.047507783,23852.32703,23852.32703,0.1304971
Thailand,2000,0.040797892,0.238167717,0.43036546700000006,0.566563343,0.520400757,0.457569648,0.486417086,0.350581511,0.392837499,0.437019024,-0.02484239,2007.735271,2007.735271,0.4678029
United Kingdom,2000,0.168541208,0.564959663,0.47937967200000003,0.8465661959999999,0.288952432,0.389993666,0.191744513,0.39990488399999996,0.136355628,0.360424855,-0.123588185,28223.06757,28223.06757,1.3232700000000002
United States,2000,0.127979078,0.577528999,0.5225588529999999,0.8106099640000001,0.43248407,0.48103446299999997,0.35081388799999996,0.45000038,0.135039224,0.27975720600000004,-0.047945964,36334.90878,36334.90878,1.310167
Viet Nam,2000,-0.002603175,0.207668944,0.383879773,0.43753311799999994,0.558681373,0.49079144700000005,0.51069373,0.48854038899999996,0.467129797,0.470144131,0.026836707999999997,390.0933309,390.0933309,-1.238299
Brunei Darussalam,2001,-0.199402308,0.208590655,0.5225588529999999,0.654014405,0.39926806299999995,0.404784518,0.440781875,0.59794776,0.28569050100000004,0.28629619,0.099951784,16472.00329,16472.00329,
Cambodia,2001,-0.053918844,0.198675985,0.31385948,0.350865616,0.46135536,0.393904762,0.648433079,0.550330867,0.546691764,0.566121094,0.07248009799999999,321.1502236,321.1502236,
Canada,2001,0.128460715,0.503352879,0.485895449,0.8340813709999999,0.401289585,0.43349377200000005,0.238161882,0.500227651,0.15465178699999999,0.204655274,-0.10054701699999999,23822.06012,23822.06012,
France,2001,0.12430179300000001,0.586952398,0.45584507399999996,0.730891669,0.293039962,0.39666662700000005,0.306270854,0.39285068,0.14843134300000002,0.307611676,-0.108688342,22452.98238,22452.98238,
Germany,2001,0.163859477,0.6059147429999999,0.475100654,0.8238814320000001,0.286202575,0.34677031399999997,0.210363002,0.36780492299999995,0.122499734,0.39617065700000004,-0.106913324,23628.32721,23628.32721,
Indonesia,2001,-0.004898896,0.25162807600000003,0.503789524,0.309122098,0.51499406,0.517932426,0.528564031,0.520933596,0.48319658,0.42044612,-6.7e-05,748.2576087,748.2576087,
Italy,2001,0.025903957000000002,0.46433267200000006,0.359080919,0.662839575,0.34452380899999996,0.44107370799999995,0.317112475,0.388665087,0.238405793,0.326660207,-0.062266155999999996,20500.9544,20500.9544,
Japan,2001,0.158576455,0.657532315,0.5034005229999999,0.7151611609999999,0.47454846700000003,0.519500569,0.261881478,0.47438579799999997,0.126736995,0.380837917,-0.042018185,34406.18246,34406.18246,
Lao PDR,2001,-0.060832776,0.209350625,0.330294798,0.314192711,0.557445536,0.39377682,0.626573782,0.554661062,0.682399373,0.4623705,0.095100252,326.9417867,326.9417867,
Malaysia,2001,0.008150094,0.238274414,0.39817558200000003,0.581623225,0.36566963700000005,0.442959989,0.483451103,0.5107443220000001,0.356132551,0.28088515199999997,-0.070648125,3913.429386,3913.429386,
Myanmar,2001,-0.072471374,0.127807799,0.49270297799999996,0.18540427399999998,0.555568372,0.565127233,0.574404712,0.566387057,0.687969794,0.40310458200000004,0.070120898,131.71530719999998,131.71530719999998,
Philippines,2001,-0.04247116,0.207828713,0.313275977,0.410599699,0.44148530399999997,0.492328186,0.512036182,0.605177121,0.417039179,0.518696695,0.01329425,990.5659912999998,990.5659912999998,
Singapore,2001,0.09273420800000001,0.5331788239999999,0.516626578,0.85216183,0.347409308,0.538326679,0.267960248,0.44829953200000006,0.23542522899999999,0.549274013,0.044994664000000004,21700.02005,21700.02005,
Thailand,2001,0.037948387,0.24930836899999997,0.43036546700000006,0.551808338,0.51225549,0.457569648,0.47407811200000005,0.35116400200000003,0.42127144,0.437489411,-0.023999671,1893.264239,1893.264239,
United Kingdom,2001,0.160272008,0.572441297,0.47937967200000003,0.8334196159999999,0.28871772100000004,0.389993666,0.19073230600000002,0.399451302,0.13256849099999998,0.360512504,-0.11972568300000001,27806.448819999998,27806.448819999998,
United States,2001,0.121489101,0.58397599,0.5225588529999999,0.796078967,0.432132141,0.48103446299999997,0.35101629700000003,0.44782457600000003,0.270454567,0.280970983,-0.023205222,37133.24281,37133.24281,
Viet Nam,2001,-0.006295225,0.20669392600000003,0.383879773,0.42953045,0.558681373,0.49079144700000005,0.520657437,0.480168644,0.455318471,0.471021355,0.025732462,404.8078612,404.8078612,
Brunei Darussalam,2002,-0.211280186,0.209929919,0.5225588529999999,0.650788873,0.399964617,0.404784518,0.42810841200000005,0.578086339,0.260607894,0.28643914,0.098096041,16850.394080000002,16850.394080000002,-0.8335853999999999
Cambodia,2002,-0.055876611,0.19931940899999998,0.31385948,0.345391051,0.46135536,0.393904762,0.6340981960000001,0.546885263,0.552441056,0.565310752,0.06914878099999999,338.9874773,338.9874773,-0.7402998000000001
Canada,2002,0.125660738,0.505359958,0.485895449,0.8343066920000001,0.399923285,0.43349377200000005,0.239610918,0.49868895,0.160811078,0.20464813899999998,-0.09758790699999999,24255.33858,24255.33858,1.499054
France,2002,0.11868808,0.589616386,0.45584507399999996,0.725961718,0.292346062,0.39666662700000005,0.312032047,0.393354854,0.145601667,0.307911626,-0.104954481,24292.58023,24292.58023,1.154342
Germany,2002,0.163246802,0.618197354,0.475100654,0.821139473,0.285749822,0.34677031399999997,0.210255162,0.369149361,0.12247544699999999,0.394703621,-0.10454056800000001,25197.2656,25197.2656,1.414031
Indonesia,2002,-0.009837045,0.25303009600000004,0.503789524,0.296243021,0.504689187,0.517932426,0.550851736,0.522578455,0.455903283,0.42090295899999997,-0.0017410370000000002,900.1775881000001,900.1775881000001,-0.2719033
Italy,2002,0.023610357999999998,0.473903321,0.359080919,0.656239198,0.344121551,0.44107370799999995,0.311471706,0.38993833,0.237763301,0.32514071,-0.061265392,22376.2979,22376.2979,1.038653
Japan,2002,0.152975992,0.67062146,0.5034005229999999,0.6950766890000001,0.47418103100000003,0.519500569,0.252584601,0.478663071,0.123167568,0.380454833,-0.04117764,32820.793639999996,32820.793639999996,1.014471
Lao PDR,2002,-0.059536545,0.213687127,0.330294798,0.315399812,0.557445536,0.39377682,0.614271141,0.554291573,0.647618487,0.45996608,0.085501905,320.0614597,320.0614597,-1.738893
Malaysia,2002,0.014906626999999999,0.255541198,0.39817558200000003,0.593602286,0.36292023700000003,0.442959989,0.479743921,0.510402853,0.354213225,0.281824289,-0.070016157,4165.726104,4165.726104,-0.4929298
Myanmar,2002,-0.07304139400000001,0.12771227599999999,0.49270297799999996,0.185660922,0.555568372,0.565127233,0.5762950170000001,0.553412079,0.695343115,0.40318932,0.069895326,128.0997081,128.0997081,-2.012826
Philippines,2002,-0.040132006,0.209869986,0.313275977,0.41717662,0.438809595,0.492328186,0.506952658,0.604105616,0.411173044,0.514906219,0.009929826,1036.158331,1036.158331,0.16460329999999998
Singapore,2002,0.098756135,0.576065873,0.516626578,0.85563626,0.34740911799999996,0.538326679,0.26780491,0.448376148,0.270429042,0.549290916,0.057173105,22159.68886,22159.68886,0.0586193
Thailand,2002,0.033811312999999996,0.259218832,0.43036546700000006,0.537053332,0.5041102239999999,0.457569648,0.45818187899999996,0.35199982700000004,0.42115286,0.437959799,-0.026142394,2096.187802,2096.187802,0.3215166
United Kingdom,2002,0.157603512,0.596285451,0.47937967200000003,0.8202730359999999,0.28848301,0.389993666,0.19572171300000002,0.39919332399999996,0.127091871,0.360600144,-0.115727607,30049.89632,30049.89632,1.283423
United States,2002,0.12079837800000001,0.609126929,0.5225588529999999,0.781547969,0.43178021299999997,0.48103446299999997,0.351128709,0.446146924,0.268846264,0.282184759,-0.02051999,38023.16111,38023.16111,1.344568
Viet Nam,2002,-0.009900554,0.205997388,0.383879773,0.421527782,0.558681373,0.49079144700000005,0.528936531,0.472383426,0.45714158299999996,0.471898579,0.026734353,430.05287239999996,430.05287239999996,-1.448819
Brunei Darussalam,2003,-0.218367413,0.21629750600000003,0.5225588529999999,0.652239665,0.40066117,0.404784518,0.43862904399999997,0.5582617879999999,0.267195203,0.28653539,0.10433030000000001,18560.5035,18560.5035,-0.7765917
Cambodia,2003,-0.058793002000000004,0.20033846600000002,0.31385948,0.337148464,0.46135536,0.393904762,0.618982281,0.544288063,0.573260083,0.56449864,0.069810506,362.33548219999994,362.33548219999994,-0.8999627
Canada,2003,0.117738168,0.510202743,0.485895449,0.825181852,0.398556986,0.43349377200000005,0.239428787,0.497211899,0.15656091,0.20464095699999998,-0.093771889,28300.4631,28300.4631,1.547557
France,2003,0.120516847,0.59744869,0.45584507399999996,0.718192582,0.291652161,0.39666662700000005,0.315989198,0.393762889,0.142815531,0.30775592,-0.106028955,29633.67898,29633.67898,1.122663
Germany,2003,0.15398056599999999,0.624062176,0.475100654,0.79744072,0.285297068,0.34677031399999997,0.207586551,0.37049224,0.122451274,0.39348945700000004,-0.10282900800000001,30310.3576,30310.3576,1.413554
Indonesia,2003,-0.018137082,0.248583919,0.503789524,0.279709726,0.49438431299999996,0.517932426,0.570938397,0.522796875,0.44728308,0.421530291,-0.000940147,1065.64852,1065.64852,-0.2993861
Italy,2003,0.020438533999999998,0.48585784600000004,0.359080919,0.640905549,0.343719293,0.44107370799999995,0.309267781,0.391329539,0.163285061,0.323006336,-0.072867764,27526.322460000003,27526.322460000003,0.985717
Japan,2003,0.163809593,0.677912618,0.5034005229999999,0.7311907759999999,0.473813595,0.519500569,0.245152536,0.482791509,0.119861699,0.38034324,-0.039630491000000004,35387.03742,35387.03742,1.0826040000000001
Lao PDR,2003,-0.080593878,0.21319946,0.330294798,0.254606072,0.557445536,0.39377682,0.601662819,0.5533462029999999,0.632527927,0.457873,0.079780719,362.8214135,362.8214135,-1.7754560000000001
Malaysia,2003,0.019929943000000002,0.27290100300000003,0.39817558200000003,0.602205502,0.360170837,0.442959989,0.472783833,0.511827459,0.34933961399999996,0.282502097,-0.069243837,4461.847325,4461.847325,-0.4576739
Myanmar,2003,-0.072204858,0.127600325,0.49270297799999996,0.190760701,0.555568372,0.565127233,0.578342079,0.540484659,0.715964115,0.40088847200000005,0.071893233,161.05552360000001,161.05552360000001,-2.081955
Philippines,2003,-0.053557932999999995,0.21054140699999999,0.313275977,0.378765306,0.436133886,0.492328186,0.502706654,0.602982197,0.41152952299999995,0.511252578,0.008609088,1048.008205,1048.008205,0.1538008
Singapore,2003,0.079737703,0.5902644779999999,0.516626578,0.836241585,0.347408929,0.538326679,0.267496019,0.44796304600000003,0.305432855,0.549309562,0.074580987,23730.15245,23730.15245,-0.0210195
Thailand,2003,0.025891812,0.266159238,0.43036546700000006,0.516114585,0.49596495700000004,0.457569648,0.448817135,0.353018967,0.443658147,0.438276015,-0.02305968,2359.116831,2359.116831,0.2182411
United Kingdom,2003,0.147900386,0.605371936,0.47937967200000003,0.799125093,0.288248299,0.389993666,0.195629622,0.39885837700000004,0.12228608199999999,0.359840764,-0.112265793,34487.46757,34487.46757,1.333042
United States,2003,0.111016115,0.617127407,0.5225588529999999,0.765213417,0.431428284,0.48103446299999997,0.35076135,0.44468864,0.26572241399999996,0.282913065,-0.016441812,39496.48588,39496.48588,1.338228
Viet Nam,2003,-0.009114912,0.20568286600000002,0.383879773,0.426761319,0.558681373,0.49079144700000005,0.5418963729999999,0.464868202,0.461005483,0.472652384,0.02904588,480.5798343,480.5798343,-1.474383
Brunei Darussalam,2004,-0.21463797199999998,0.22959955399999998,0.5225588529999999,0.665140995,0.40135772399999997,0.404784518,0.438870205,0.5385794079999999,0.273782511,0.286631639,0.10570370400000001,21902.02712,21902.02712,-0.7978363
Cambodia,2004,-0.05844374,0.20098836399999997,0.31385948,0.339749311,0.46135536,0.393904762,0.607171667,0.542002538,0.614201895,0.563684183,0.073157376,408.5136388,408.5136388,-0.8708252000000001
Canada,2004,0.122633085,0.56208374,0.485895449,0.8104655559999999,0.397190686,0.43349377200000005,0.237948729,0.495750604,0.152310702,0.204633822,-0.09023793,32143.68141,32143.68141,1.668455
France,2004,0.122153805,0.6064742639999999,0.45584507399999996,0.726810398,0.290958261,0.39666662700000005,0.313229627,0.39412283299999995,0.13983885199999999,0.307478498,-0.104188481,33803.3096,33803.3096,1.456458
Germany,2004,0.148124708,0.632539332,0.475100654,0.791798436,0.284844315,0.34677031399999997,0.20625486,0.371795201,0.12219668300000001,0.392275296,-0.098575118,34106.65812,34106.65812,1.49604
Indonesia,2004,-0.015073581,0.244255494,0.503789524,0.298233475,0.48407944,0.517932426,0.585141912,0.5314224129999999,0.45354204299999995,0.422157622,0.003478592,1150.261367,1150.261367,-0.2554474
Italy,2004,0.017715858,0.5024342970000001,0.359080919,0.621343675,0.343317035,0.44107370799999995,0.305751059,0.39261647899999996,0.164092765,0.320872835,-0.072311633,31317.20079,31317.20079,1.177168
Japan,2004,0.164485231,0.694320631,0.5034005229999999,0.737109785,0.47344616,0.519500569,0.237894634,0.486881705,0.116575135,0.380231647,-0.036302963,38298.980169999995,38298.980169999995,1.043495
Lao PDR,2004,-0.069348893,0.212887789,0.330294798,0.291024819,0.557445536,0.39377682,0.588910092,0.553480337,0.681424988,0.457840387,0.087564744,417.9291685,417.9291685,-1.551036
Malaysia,2004,0.016627267,0.292449206,0.39817558200000003,0.588155445,0.357421438,0.442959989,0.46852212,0.5120945920000001,0.346071284,0.28317386699999997,-0.067450031,4952.213958,4952.213958,-0.2357165
Myanmar,2004,-0.080178124,0.127523542,0.49270297799999996,0.169906628,0.555568372,0.565127233,0.573475094,0.527599075,0.7428290740000001,0.398587625,0.072691412,193.3687658,193.3687658,-2.122652
Philippines,2004,-0.062240095999999995,0.214485082,0.313275977,0.35276642399999997,0.43345817700000006,0.492328186,0.5047283539999999,0.601788435,0.41469096,0.507567077,0.005973292,1121.490006,1121.490006,0.025553599999999996
Singapore,2004,0.063275026,0.603199437,0.516626578,0.8530039070000001,0.34740873899999997,0.538326679,0.266040673,0.446854795,0.226869777,0.5493282079999999,0.078898443,27608.53737,27608.53737,0.0775112
Thailand,2004,0.011268168,0.270923227,0.43036546700000006,0.478102157,0.48781969,0.457569648,0.43805481,0.354116359,0.41818714700000004,0.438592232,-0.027851092999999997,2660.126835,2660.126835,0.1265833
United Kingdom,2004,0.136457875,0.608093704,0.47937967200000003,0.78636871,0.288013588,0.389993666,0.19574296,0.39855028299999995,0.119063604,0.35907818399999997,-0.106714386,40371.71083,40371.71083,1.597446
United States,2004,0.096499406,0.623303892,0.5225588529999999,0.7470961279999999,0.431076356,0.48103446299999997,0.349411752,0.445996825,0.262598368,0.28364137,-0.009690754000000001,41712.80107,41712.80107,1.327752
Viet Nam,2004,-0.011387243,0.21394891,0.383879773,0.414986471,0.558681373,0.49079144700000005,0.543262904,0.457191057,0.46803902799999997,0.473406189,0.028233183,546.909619,546.909619,-1.337932
Brunei Darussalam,2005,-0.20997158600000002,0.236980952,0.586290286,0.62806884,0.402054278,0.404784518,0.442935515,0.538629115,0.27551512100000003,0.286727888,0.11132737300000001,26105.42203,26105.42203,-0.7766633000000001
Cambodia,2005,-0.06664956400000001,0.196197517,0.30377785399999996,0.333202266,0.46135536,0.393904762,0.593514358,0.539304974,0.6012054579999999,0.562867362,0.070776035,474.1111921,474.1111921,-1.0173379999999999
Canada,2005,0.123807575,0.569391426,0.520743512,0.806282376,0.39582438700000006,0.43349377200000005,0.237223415,0.49520981399999997,0.17742579600000002,0.204544085,-0.078802825,36382.50792,36382.50792,1.506879
France,2005,0.117711735,0.613181804,0.452408893,0.731066735,0.290264361,0.39666662700000005,0.31035641399999997,0.394466724,0.13668855,0.30720132899999997,-0.100581665,34773.15015,34773.15015,1.4767709999999998
Germany,2005,0.153714147,0.641473127,0.47480890299999995,0.806859436,0.284391562,0.34677031399999997,0.20520811100000003,0.37299267799999997,0.12194210400000001,0.39106113200000003,-0.09733092199999999,34520.23965,34520.23965,1.485834
Indonesia,2005,0.010331261,0.241094925,0.56820171,0.31944936,0.47377456700000004,0.517932426,0.580300602,0.53211081,0.452694262,0.422784954,0.002862243,1263.287332,1263.287332,-0.1219255
Italy,2005,0.028284311,0.514697148,0.38439844100000004,0.6240320429999999,0.342914777,0.44107370799999995,0.306258512,0.39369389299999996,0.16586209,0.318740238,-0.07026889900000001,32055.092080000002,32055.092080000002,1.057029
Japan,2005,0.183280105,0.7015744,0.566840205,0.741561492,0.473078724,0.519500569,0.233101017,0.49098964,0.11769539,0.380041001,-0.032146347,37812.895019999996,37812.895019999996,1.006277
Lao PDR,2005,-0.07693415599999999,0.21693036300000001,0.309733284,0.287729125,0.557445536,0.39377682,0.576299644,0.552999755,0.665025114,0.45785648100000004,0.082332938,475.61079620000004,475.61079620000004,-1.655455
Malaysia,2005,0.002435991,0.282357038,0.37162622100000003,0.596544761,0.35467203799999997,0.442959989,0.461290748,0.508605772,0.342248082,0.283840594,-0.066389697,5587.02478,5587.02478,-0.1467735
Myanmar,2005,-0.053108447999999996,0.12753161699999999,0.556434411,0.19095603100000003,0.555568372,0.565127233,0.56854388,0.526644396,0.7297443709999999,0.39628677700000003,0.068188709,216.3115014,216.3115014,-2.1662049999999997
Philippines,2005,-0.053497314000000004,0.215399543,0.301411428,0.393576063,0.430782468,0.492328186,0.505400416,0.6004305360000001,0.412554163,0.504605554,0.007364882,1244.348741,1244.348741,-0.0072551000000000004
Singapore,2005,0.041475296,0.573839936,0.548784046,0.8477813590000001,0.347408549,0.538326679,0.264021706,0.445316726,0.22469914300000002,0.5493468539999999,0.092073322,29961.263280000003,29961.263280000003,0.13243870000000002
Thailand,2005,0.016518395,0.280465194,0.44148443,0.482430739,0.47967442299999996,0.457569648,0.443469989,0.355234249,0.44245028700000005,0.43890844799999995,-0.022373552,2894.062656,2894.062656,-0.0982958
United Kingdom,2005,0.129635922,0.61122767,0.47704566200000004,0.7751004,0.287778877,0.389993666,0.194406887,0.398353271,0.119029673,0.35831560700000004,-0.104027782,42132.09072,42132.09072,1.443956
United States,2005,0.106388865,0.625582318,0.586290286,0.745011468,0.430724427,0.48103446299999997,0.348398948,0.44483733,0.134059133,0.284369676,-0.023600951000000002,44114.74778,44114.74778,1.294524
Viet Nam,2005,0.005154778,0.224872691,0.401384846,0.43998001200000003,0.558681373,0.49079144700000005,0.539720601,0.45188938100000003,0.440488015,0.474159994,0.021694703,687.4797274,687.4797274,-1.403045
Brunei Darussalam,2006,-0.163209789,0.24130770199999999,0.798004422,0.617333149,0.402054278,0.404784518,0.433947391,0.539105254,0.279012114,0.286824138,0.125165983,30979.962839999997,30979.962839999997,-1.098655
Cambodia,2006,-0.07578218099999999,0.19548452600000002,0.284651941,0.32868924899999996,0.46135536,0.393904762,0.5933447829999999,0.536366105,0.6358228,0.562048763,0.073060442,539.7503289,539.7503289,-0.9316459999999999
Canada,2006,0.160783255,0.587542361,0.618253253,0.8269934459999999,0.39582438700000006,0.43349377200000005,0.237210511,0.49485439299999995,0.150109303,0.20445397199999998,-0.078131542,40504.060730000005,40504.060730000005,1.4155950000000002
France,2006,0.128599653,0.621163544,0.488164625,0.7474695640000001,0.290264361,0.39666662700000005,0.312414662,0.39502905899999996,0.134050917,0.30692440600000004,-0.09447806,36474.159589999996,36474.159589999996,1.2987229999999998
Germany,2006,0.186386515,0.650375629,0.587424874,0.8164536459999999,0.284391562,0.34677031399999997,0.201649069,0.37423037600000003,0.12168766,0.38984696399999996,-0.09045115199999999,36353.88033,36353.88033,1.3652309999999999
Indonesia,2006,0.08732930300000001,0.243206975,0.780207597,0.342799994,0.47377456700000004,0.517932426,0.581876953,0.533154363,0.454020274,0.423412285,0.0023785810000000003,1589.801489,1589.801489,-0.0842525
Italy,2006,0.026342037999999998,0.5276004870000001,0.39960192200000005,0.622609358,0.342914777,0.44107370799999995,0.302516207,0.394749109,0.163701622,0.316608518,-0.064108755,33529.7266,33529.7266,1.064524
Japan,2006,0.253838937,0.7057129040000001,0.777679087,0.7586089659999999,0.473078724,0.519500569,0.23061169199999998,0.49463978,0.11882649,0.379850346,-0.027176675,35991.546,35991.546,0.9541233
Lao PDR,2006,-0.07842916400000001,0.21905398,0.27931706100000003,0.315237806,0.557445536,0.39377682,0.56462534,0.551511519,0.6929595270000001,0.457979009,0.08614632400000001,591.000192,591.000192,-1.73278
Malaysia,2006,0.006101854,0.27472862600000003,0.42141843,0.581000986,0.35467203799999997,0.442959989,0.45545650200000004,0.507073326,0.33872155,0.284501826,-0.06415075099999999,6209.126167,6209.126167,-0.5431479
Myanmar,2006,0.016706139,0.127691839,0.768148547,0.192552059,0.555568372,0.565127233,0.561771325,0.525078551,0.7486863690000001,0.39398593,0.07003466700000001,240.6240142,240.6240142,-2.233271
Philippines,2006,-0.06643805900000001,0.22028357199999998,0.296192322,0.35918690200000003,0.430782468,0.492328186,0.50576814,0.598673355,0.40661637,0.503910479,0.006639071999999999,1452.438089,1452.438089,-0.0911425
Singapore,2006,0.076106778,0.5886670279999999,0.712424064,0.847269925,0.347408549,0.538326679,0.263391405,0.443419004,0.224385663,0.5493655,0.108289411,33769.154160000006,33769.154160000006,-0.3871925
Thailand,2006,0.0045392390000000005,0.288333818,0.446995287,0.44407441700000005,0.47967442299999996,0.457569648,0.441151932,0.356488531,0.416767292,0.439224664,-0.026171258,3369.543198,3369.543198,-0.7391939999999999
United Kingdom,2006,0.167293164,0.610533187,0.581849184,0.813747441,0.287778877,0.389993666,0.210254059,0.398546006,0.118995943,0.35755302200000005,-0.094156777,44654.096919999996,44654.096919999996,1.378774
United States,2006,0.173691158,0.62933292,0.798004422,0.762601815,0.430724427,0.48103446299999997,0.347873882,0.44466390100000003,0.266250023,0.28508965199999997,0.005307524,46298.731439999996,46298.731439999996,1.1016219999999999
Viet Nam,2006,0.011002777,0.232212695,0.430916553,0.424534044,0.558681373,0.49079144700000005,0.532486015,0.447329673,0.43698768200000004,0.47491379899999997,0.02024314,784.3723759,784.3723759,-1.538451
Brunei Darussalam,2007,-0.27643379,0.245320626,0.45578024,0.633568071,0.402054278,0.404784518,0.432801348,0.53496314,0.284154874,0.286920387,0.12914579199999998,32663.392369999998,32663.392369999998,-1.0615370000000002
Cambodia,2007,-0.07456908200000001,0.194011458,0.27651532300000004,0.345114985,0.46135536,0.393904762,0.592332037,0.533468419,0.681862382,0.5612277689999999,0.079993008,631.5252576,631.5252576,-0.9279869000000001
Canada,2007,0.154765856,0.574684296,0.630604055,0.8302261240000001,0.39582438700000006,0.43349377200000005,0.235630411,0.494775258,0.172782775,0.204360638,-0.06991343,44659.89514,44659.89514,1.384672
France,2007,0.1392255,0.6367938470000001,0.5272268720000001,0.748255648,0.290264361,0.39666662700000005,0.30945554,0.395522315,0.13632311800000002,0.306647724,-0.089221501,41561.20051,41561.20051,1.259767
Germany,2007,0.183068173,0.659430525,0.602206936,0.8130233929999999,0.284391562,0.34677031399999997,0.198999125,0.37539766799999996,0.12143312099999999,0.388632799,-0.084236138,41640.08087,41640.08087,1.336478
Indonesia,2007,0.098055092,0.247998895,0.789219468,0.36860359200000004,0.47377456700000004,0.517932426,0.585905562,0.526080313,0.417609757,0.42403961700000004,-0.00283468,1860.0028109999998,1860.0028109999998,-0.0198048
Italy,2007,0.019633,0.53484011,0.40569628,0.613245635,0.342914777,0.44107370799999995,0.30017486,0.395494956,0.160736994,0.314477697,-0.059847305999999996,37870.74751,37870.74751,1.111907
Japan,2007,0.252252247,0.710743928,0.8065300409999999,0.74009521,0.473078724,0.519500569,0.23016936100000002,0.49824468299999997,0.114996845,0.379659684,-0.02255741,35779.02454,35779.02454,0.9699462999999999
Lao PDR,2007,-0.071767851,0.223173065,0.292580164,0.321329508,0.557445536,0.39377682,0.562389257,0.5488326370000001,0.6619096489999999,0.45810045299999996,0.07976454,710.3764067000001,710.3764067000001,-1.7184979999999999
Malaysia,2007,-0.003141294,0.275333017,0.420770094,0.570927532,0.35467203799999997,0.442959989,0.45181920299999995,0.524401973,0.335188665,0.285157919,-0.057264219000000005,7243.456801,7243.456801,-0.5235373
Myanmar,2007,0.014255853,0.12744956699999999,0.7769659170000001,0.18086417800000001,0.555568372,0.565127233,0.557668576,0.5237207110000001,0.7074275520000001,0.391685082,0.062453604,314.2022942,314.2022942,-2.213491
Philippines,2007,-0.06671471400000001,0.227697221,0.28500852600000004,0.36712585,0.430782468,0.492328186,0.508048994,0.5966915429999999,0.389196462,0.503748607,0.004445679,1744.6399789999998,1744.6399789999998,-0.1105415
Singapore,2007,0.06915396900000001,0.6147833229999999,0.728891799,0.8511203359999999,0.347408549,0.538326679,0.264337972,0.440948204,0.221638904,0.549384146,0.12271383699999999,39432.93835,39432.93835,-0.3632097
Thailand,2007,0.0028207859999999996,0.300944334,0.447578789,0.437774025,0.47967442299999996,0.457569648,0.42938468,0.357851256,0.417296021,0.439540881,-0.023746276,3973.017172,3973.017172,-0.5625023
United Kingdom,2007,0.163658849,0.612303817,0.5890457139999999,0.805780519,0.287778877,0.389993666,0.211056625,0.398856925,0.121873102,0.356790448,-0.09076959300000001,50653.256910000004,50653.256910000004,1.335596
United States,2007,0.166911297,0.6337307879999999,0.8065300409999999,0.753259667,0.430724427,0.48103446299999997,0.347836288,0.444983631,0.265952316,0.285809668,0.010875295,47975.9677,47975.9677,1.10981
Viet Nam,2007,0.01592621,0.25037195100000004,0.427221037,0.428978398,0.558681373,0.49079144700000005,0.533433468,0.444058336,0.429903309,0.47566760399999997,0.021212957,906.2842299,906.2842299,-1.526949
Brunei Darussalam,2008,-0.266241271,0.250031889,0.458276334,0.642999786,0.402525024,0.404784518,0.442484731,0.532526994,0.274667879,0.286991697,0.125718136,37934.67645,37934.67645,-1.018134
Cambodia,2008,-0.068731686,0.21747484399999997,0.273597811,0.34428962700000004,0.460898064,0.393904762,0.595216332,0.5332663120000001,0.598615946,0.560381064,0.069851067,745.609127,745.609127,-0.9711390999999999
Canada,2008,0.15484331,0.578630492,0.635142407,0.833725732,0.395510556,0.43349377200000005,0.234812059,0.493758701,0.147927486,0.204224547,-0.07152967,46710.505580000005,46710.505580000005,1.407529
France,2008,0.138191413,0.642230862,0.5356552410000001,0.7457687559999999,0.290578192,0.39666662700000005,0.30887364,0.393532317,0.133640469,0.30614490699999997,-0.08690973099999999,45519.29688,45519.29688,1.304794
Germany,2008,0.172791265,0.665482689,0.595820826,0.804760198,0.283539735,0.34677031399999997,0.198523075,0.374346134,0.121178721,0.387443342,-0.079721661,45612.71062,45612.71062,1.336778
Indonesia,2008,0.10479377699999999,0.260899826,0.794827575,0.37717250799999996,0.47424531299999995,0.517932426,0.569912914,0.531453489,0.422653722,0.424662671,-0.002436425,2166.854231,2166.854231,-0.011261499999999999
Italy,2008,0.007659679,0.525072222,0.398791502,0.614300235,0.34266819600000004,0.44107370799999995,0.312296175,0.39322093,0.160480712,0.31366566100000004,-0.053955971,40944.91242,40944.91242,1.032024
Japan,2008,0.25345656899999996,0.712646515,0.8125271490000001,0.740047991,0.47366155299999996,0.519500569,0.234010761,0.50076833,0.11223460099999999,0.37947508399999996,-0.020911376000000002,39876.30397,39876.30397,0.9488591999999999
Lao PDR,2008,-0.06345519200000001,0.228573379,0.297285232,0.33970155799999996,0.556571292,0.39377682,0.560053675,0.546599386,0.640121803,0.453998468,0.07429601599999999,900.7387639000001,900.7387639000001,-1.709538
Malaysia,2008,-0.012384998999999999,0.286373134,0.42611886600000004,0.539794529,0.355904945,0.442959989,0.450092382,0.503447534,0.330502611,0.285691751,-0.058476678,8474.587762000001,8474.587762000001,-0.5631929
Myanmar,2008,0.016903536,0.130783634,0.7833520270000001,0.18306292300000002,0.556402266,0.565127233,0.554793297,0.519457218,0.717773303,0.39179271299999996,0.063769137,460.9088892,460.9088892,-2.207979
Philippines,2008,-0.074473072,0.231979491,0.272560474,0.35531860200000004,0.431051466,0.492328186,0.518470789,0.589974178,0.377302325,0.5037326839999999,0.003525543,1998.02692,1998.02692,-0.1387526
Singapore,2008,0.083708202,0.635093723,0.726881957,0.861485589,0.347112652,0.538326679,0.264272878,0.43858721700000003,0.217899177,0.549407916,0.11824596,40007.469260000005,40007.469260000005,-0.3348355
Thailand,2008,0.007070855,0.30437676,0.469071129,0.43094981600000004,0.481265995,0.457569648,0.431390939,0.35933244299999995,0.416985458,0.439828834,-0.022181677,4379.658786999999,4379.658786999999,-0.5296668999999999
United Kingdom,2008,0.15586381400000002,0.614495062,0.590990722,0.793505472,0.285469977,0.389993666,0.212680902,0.40077989,0.12102922199999999,0.356726527,-0.086983113,47549.34863,47549.34863,1.321023
United States,2008,0.173455589,0.637941879,0.8125271490000001,0.768483186,0.429469104,0.48103446299999997,0.34758523399999997,0.440108106,0.265681768,0.28641163,0.010877352,48382.55845,48382.55845,1.144267
Viet Nam,2008,0.013217475,0.25937889,0.42303927,0.41938741799999996,0.5598694479999999,0.49079144700000005,0.5311923679999999,0.44095431,0.41532723200000005,0.47591766399999996,0.019777795,1149.424495,1149.424495,-1.4967139999999999
Brunei Darussalam,2009,-0.23262939800000002,0.255858483,0.458081833,0.713409981,0.40216636,0.404784518,0.42225891600000004,0.533869665,0.281494533,0.287063007,0.11806862900000001,27956.005139999997,27956.005139999997,-0.7307153000000001
Cambodia,2009,-0.068312875,0.228214773,0.272365973,0.335822966,0.459579974,0.393904762,0.603097384,0.533756311,0.593023755,0.559403992,0.064254404,738.0547312000001,738.0547312000001,-0.9134476
Canada,2009,0.16348310900000002,0.5784924220000001,0.6308958060000001,0.842914607,0.394501813,0.43349377200000005,0.23846871100000003,0.49302904799999997,0.16702440699999999,0.20408896399999998,-0.072790042,40876.31015,40876.31015,1.401846
France,2009,0.144162216,0.6490322860000001,0.546806621,0.740142363,0.289928113,0.39666662700000005,0.319708583,0.39182543799999997,0.133776406,0.305642325,-0.084322174,41740.24303,41740.24303,1.244509
Germany,2009,0.172028638,0.671983665,0.580195927,0.79791216,0.285377888,0.34677031399999997,0.204501446,0.37316663299999997,0.120924346,0.38625388899999996,-0.082002989,41650.36783,41650.36783,1.334962
Indonesia,2009,0.102929262,0.260816048,0.792720483,0.378206514,0.47330382,0.517932426,0.567249538,0.540226749,0.434583309,0.42528572600000003,-0.001892611,2261.247309,2261.247309,-0.0010405999999999998
Italy,2009,0.008100631,0.5306029720000001,0.397300329,0.598820724,0.342309532,0.44107370799999995,0.323834019,0.391017743,0.160285151,0.312854512,-0.056596151,37226.75719,37226.75719,1.0341799999999999
Japan,2009,0.266466657,0.724039568,0.814310073,0.7430807759999999,0.47366155299999996,0.519500569,0.241869792,0.503398603,0.11210782,0.379290475,-0.024488967,41308.99684,41308.99684,1.021046
Lao PDR,2009,-0.06687687,0.239512442,0.29465484,0.324218909,0.5564143770000001,0.39377682,0.557421531,0.544858827,0.61326854,0.449895695,0.067895841,949.1783811,949.1783811,-1.699371
Malaysia,2009,0.00242109,0.305394868,0.44654145100000003,0.537610515,0.35440304,0.442959989,0.44693090700000004,0.498980109,0.322377748,0.286221491,-0.062675118,7292.494973000001,7292.494973000001,-0.5038952999999999
Myanmar,2009,0.013421773,0.134037338,0.785523953,0.17124465600000002,0.556590564,0.565127233,0.5504849470000001,0.515751207,0.713203681,0.391900344,0.061856979000000006,586.1681802,586.1681802,-2.172564
Philippines,2009,-0.074905586,0.235168906,0.269545711,0.354256699,0.43087213399999996,0.492328186,0.520646615,0.5830767729999999,0.372957659,0.503715964,-0.004418951,1904.1963879999998,1904.1963879999998,-0.027797199999999998
Singapore,2009,0.07398136799999999,0.6176600520000001,0.709992803,0.846263648,0.34783894600000004,0.538326679,0.265566768,0.43613619200000003,0.21181089399999997,0.549431685,0.11251946300000001,38927.20688,38927.20688,-0.2342208
Thailand,2009,0.021274131,0.311471113,0.508846545,0.425928208,0.481265995,0.457569648,0.43321974700000004,0.360964548,0.415600886,0.440116787,-0.028181134,4213.006654,4213.006654,-0.45588370000000006
United Kingdom,2009,0.154214908,0.620619126,0.583696942,0.7663657559999999,0.286366637,0.389993666,0.21538574,0.402932387,0.12273148199999999,0.35666260899999996,-0.091082546,38952.21103,38952.21103,1.303301
United States,2009,0.17334906100000003,0.640770931,0.814310073,0.7452593609999999,0.42940185399999997,0.48103446299999997,0.349903012,0.439278486,0.265404494,0.287013642,0.006416238,47099.98047,47099.98047,1.097206
Viet Nam,2009,0.012554923999999999,0.25767472199999997,0.415486155,0.42942644799999996,0.55998153,0.49079144700000005,0.5141449379999999,0.43836562799999995,0.41266627899999997,0.476167723,0.019041773999999997,1217.268583,1217.268583,-1.482667
Brunei Darussalam,2010,-0.24355915600000003,0.256461328,0.464338276,0.701998085,0.402009445,0.404784518,0.417382174,0.532484822,0.22538168100000003,0.287134318,0.114023352,35270.642139999996,35270.642139999996,-0.6505711999999999
Cambodia,2010,-0.071959788,0.246250899,0.24597869600000002,0.335056879,0.454899409,0.393904762,0.6055611129999999,0.534792735,0.570188492,0.558418344,0.064230147,785.5026671,785.5026671,-0.9272553
Canada,2010,0.138227186,0.556797594,0.602109685,0.835090971,0.39273091,0.43349377200000005,0.23615867699999998,0.49262109299999995,0.151994508,0.203953854,-0.072234116,47562.08343,47562.08343,1.352596
France,2010,0.153063615,0.658755019,0.564473778,0.756952245,0.288291709,0.39666662700000005,0.317846759,0.39052593700000005,0.13391244800000002,0.30513999399999997,-0.081334482,40677.98514,40677.98514,1.202857
Germany,2010,0.17782784100000001,0.6766139320000001,0.623602025,0.7977873259999999,0.278182191,0.34677031399999997,0.200106106,0.37185696100000004,0.12066998699999999,0.38506442799999996,-0.077392318,41572.45595,41572.45595,1.297783
Indonesia,2010,0.122286166,0.261908459,0.8604716,0.374336568,0.470905255,0.517932426,0.5589211270000001,0.5452153279999999,0.429548715,0.425908781,-0.002602706,3122.362673,3122.362673,-0.037774199999999994
Italy,2010,0.0034509370000000003,0.531764047,0.391108719,0.5978446820000001,0.339283304,0.44107370799999995,0.322030323,0.389049645,0.156204977,0.312044243,-0.056783019000000004,36035.645,36035.645,0.9627974
Japan,2010,0.28239887199999997,0.725157568,0.8824501920000001,0.747125342,0.474916877,0.519500569,0.234854853,0.5061862779999999,0.11198930300000001,0.37910586,-0.019253128,44968.15623,44968.15623,1.040693
Lao PDR,2010,-0.08382611200000001,0.241295234,0.242454526,0.327838856,0.552581155,0.39377682,0.554935309,0.543649772,0.574480666,0.445791593,0.058724952999999996,1141.2357029999998,1141.2357029999998,-1.676841
Malaysia,2010,0.020885008,0.309279176,0.485538865,0.568883235,0.35267697,0.442959989,0.440375885,0.49681582799999996,0.31406552,0.28674684699999997,-0.061191557,9040.568495,9040.568495,-0.4999781
Myanmar,2010,0.035582136,0.13736289699999998,0.854442074,0.16974169100000003,0.551963799,0.565127233,0.5470859029999999,0.513970301,0.7136350109999999,0.392007974,0.061461321,746.9453599999999,746.9453599999999,-2.067405
Philippines,2010,-0.070582264,0.246083511,0.278265831,0.35269472799999996,0.43132046399999996,0.492328186,0.519003069,0.576356264,0.399958772,0.503676565,-0.00012364399999999998,2217.472153,2217.472153,-0.0391025
Singapore,2010,0.060155627999999996,0.6606506839999999,0.7552466590000001,0.846973922,0.35025992799999994,0.538326679,0.266276633,0.434265037,0.205600609,0.549455455,0.141061361,47236.960230000004,47236.960230000004,-0.20896620000000002
Thailand,2010,0.022726219,0.320367783,0.5216835989999999,0.42286931299999997,0.480369335,0.457569648,0.432185285,0.36279123700000004,0.408418544,0.440404741,-0.026302929,5076.339872,5076.339872,-0.49582200000000004
United Kingdom,2010,0.17294644,0.625505595,0.6349154889999999,0.7856991590000001,0.283048995,0.389993666,0.220806212,0.405335485,0.12434158699999999,0.356598696,-0.08506549699999999,39688.61497,39688.61497,1.289994
United States,2010,0.19390067600000002,0.651388836,0.8824501920000001,0.747660117,0.42659979200000003,0.48103446299999997,0.34813098299999995,0.438707962,0.13308820400000002,0.287615758,-0.011986706000000001,48466.6576,48466.6576,1.133606
Viet Nam,2010,-0.007770699999999999,0.256265809,0.371691055,0.417369748,0.556775971,0.49079144700000005,0.49670944,0.436557651,0.406265541,0.476417783,0.015586916999999999,1317.890646,1317.890646,-1.496983
Brunei Darussalam,2011,-0.260128053,0.263809031,0.462198767,0.699246384,0.40292852100000004,0.404784518,0.440282385,0.528258412,0.21298440899999999,0.287205628,0.126995989,47055.96064,47055.96064,-0.6103393
Cambodia,2011,-0.069796172,0.259519167,0.23479489899999997,0.34208837799999997,0.45430761299999994,0.393904762,0.5990370620000001,0.5323113420000001,0.543593994,0.557424011,0.052965974000000006,882.275614,882.275614,-0.9141283000000001
Canada,2011,0.138939907,0.567685246,0.61828567,0.832264966,0.39185666700000005,0.43349377200000005,0.23568113100000002,0.49470099100000003,0.18091412399999998,0.203819823,-0.062822001,52223.696110000004,52223.696110000004,1.3801450000000002
France,2011,0.143717659,0.6622849120000001,0.5649276129999999,0.74647107,0.287215717,0.39666662700000005,0.31694829,0.393063705,0.134048576,0.304637902,-0.076633883,43848.10605,43848.10605,1.170668
Germany,2011,0.15892832099999998,0.678427777,0.617410416,0.796226861,0.27739761399999996,0.34677031399999997,0.19715898,0.374307056,0.12041565300000001,0.383874971,-0.06641035599999999,46705.8958,46705.8958,1.3492110000000002
Indonesia,2011,0.12503752699999998,0.266541335,0.8606661,0.386177705,0.470815589,0.517932426,0.563050955,0.5455071579999999,0.42217804299999995,0.426531836,-0.004478322,3643.0471759999996,3643.0471759999996,-0.008531
Italy,2011,-0.006426839,0.530282582,0.385695113,0.595254816,0.33874530799999997,0.44107370799999995,0.31771922,0.389767543,0.155695942,0.311234871,-0.053150178,38649.63948,38649.63948,0.9118238999999999
Japan,2011,0.28168632600000004,0.72728002,0.88215844,0.754391295,0.475051376,0.519500569,0.23535035199999998,0.510919104,0.114217397,0.378921236,-0.014695086000000001,48760.07895,48760.07895,1.071133
Lao PDR,2011,-0.077352975,0.243102166,0.253346572,0.33924007100000003,0.5548676379999999,0.39377682,0.540490309,0.532534971,0.627950476,0.44168617200000004,0.064998565,1378.498492,1378.498492,-1.678506
Malaysia,2011,0.016107609,0.30488893100000003,0.499218755,0.562318831,0.352833885,0.442959989,0.436462079,0.49668658200000004,0.307201761,0.287299562,-0.05849544,10399.37021,10399.37021,-0.4748749
Myanmar,2011,0.04427644,0.142175907,0.8542475740000001,0.194431309,0.555406973,0.565127233,0.549506591,0.513449146,0.7217725709999999,0.392115605,0.063067623,1061.344429,1061.344429,-1.849634
Philippines,2011,-0.06086330400000001,0.25033958300000003,0.287796371,0.37147452700000005,0.43098421600000003,0.492328186,0.51897954,0.570615566,0.404687732,0.503523547,-0.000229473,2450.735694,2450.735694,-0.019902700000000002
Singapore,2011,0.051329045,0.70320654,0.754792824,0.846251757,0.350475126,0.538326679,0.266853517,0.43636884600000003,0.215626873,0.549479225,0.15852085300000002,53890.42872999999,53890.42872999999,-0.1020272
Thailand,2011,0.023837065,0.320357928,0.514357402,0.438155351,0.48131082799999997,0.457569648,0.433689454,0.366416364,0.40657335899999997,0.440692694,-0.024304385,5492.1215,5492.1215,-0.4051817
United Kingdom,2011,0.166721704,0.6279633179999999,0.636309412,0.7744426670000001,0.28307141199999997,0.389993666,0.22137409800000002,0.40704762200000005,0.126840512,0.356534778,-0.081350961,42284.88449,42284.88449,1.297412
United States,2011,0.189238595,0.652648129,0.88215844,0.752948574,0.42635321,0.48103446299999997,0.34798476700000003,0.439602736,0.26477489,0.288217575,0.014033592,49882.55813,49882.55813,1.126966
Viet Nam,2011,-0.001744748,0.265847865,0.378790335,0.42318677600000004,0.5572467170000001,0.49079144700000005,0.5122885939999999,0.43387436,0.397274275,0.476667842,0.016907971,1525.119025,1525.119025,-1.459163
Brunei Darussalam,2012,-0.279442373,0.276745256,0.481357097,0.670717274,0.401292117,0.404784518,0.448010387,0.527800608,0.207007115,0.287276938,0.140819221,47739.557689999994,47739.557689999994,-0.5063741
Cambodia,2012,-0.059648398,0.26005432100000003,0.235119067,0.375343893,0.45293572299999996,0.393904762,0.595381929,0.529762273,0.600581126,0.55642088,0.06077975099999999,950.8803460000001,950.8803460000001,-0.9614798000000001
Canada,2012,0.134412573,0.565523222,0.61604891,0.833372083,0.391251421,0.43349377200000005,0.235969034,0.49661035600000003,0.14559877599999999,0.203689803,-0.06669717900000001,52669.089960000005,52669.089960000005,1.437505
France,2012,0.14195408,0.669909887,0.563015022,0.738869221,0.286341474,0.39666662700000005,0.315526154,0.395973444,0.13418480300000002,0.30413605899999996,-0.075759242,40872.362460000004,40872.362460000004,1.238106
Germany,2012,0.156729185,0.680882732,0.616470329,0.7997821820000001,0.276882035,0.34677031399999997,0.19623483,0.37618962799999994,0.12018355,0.382685514,-0.063930952,43855.85447,43855.85447,1.393738
Indonesia,2012,0.132086483,0.275368402,0.86624179,0.40173778600000004,0.469649931,0.517932426,0.561395929,0.545992936,0.417278053,0.42715489100000004,-0.00396298,3694.35934,3694.35934,0.06761260000000001
Italy,2012,-0.01552929,0.521448321,0.373473979,0.5874095229999999,0.337915898,0.44107370799999995,0.313886451,0.390822956,0.157574351,0.310426241,-0.054170388,35051.52127,35051.52127,0.9168093
Japan,2012,0.279234035,0.7280045509999999,0.887150628,0.761522678,0.472518311,0.519500569,0.24387297300000002,0.515519583,0.111776895,0.378736605,-0.008372193,49145.28043,49145.28043,1.1012950000000001
Lao PDR,2012,-0.068784951,0.244212202,0.25986698,0.367166228,0.554329642,0.39377682,0.543998526,0.52146202,0.61957362,0.43757917,0.063102746,1581.62871,1581.62871,-1.643571
Malaysia,2012,0.039878315,0.31268834100000004,0.573874651,0.569446484,0.352632137,0.442959989,0.429020019,0.49768537700000004,0.29739423800000003,0.287853931,-0.056849044,10817.431709999999,10817.431709999999,-0.34653920000000005
Myanmar,2012,0.064376815,0.146512327,0.859628763,0.248694489,0.5534163879999999,0.565127233,0.557262804,0.508393498,0.6845137640000001,0.39222323600000003,0.058719640999999996,1134.302224,1134.302224,-1.620119
Philippines,2012,-0.047625676,0.254944698,0.306825034,0.393707505,0.429706476,0.492328186,0.521442252,0.56497882,0.41507847600000003,0.503371193,0.0021439479999999997,2694.305109,2694.305109,-0.029686700000000003
Singapore,2012,0.05030089099999999,0.703010125,0.760627849,0.866232168,0.34993713,0.538326679,0.26668212,0.438534178,0.20835414600000002,0.549502995,0.164018951,55546.48854,55546.48854,0.0530914
Thailand,2012,0.024517735,0.32161222300000003,0.535817325,0.436763371,0.47965200700000005,0.457569648,0.436249679,0.369793259,0.40380855,0.440980647,-0.019688021,5860.581471,5860.581471,-0.3211412
United Kingdom,2012,0.16492224800000002,0.631072697,0.635887993,0.782762655,0.281591923,0.389993666,0.21885913199999998,0.408782839,0.130408281,0.35647086,-0.076694459,42686.80005,42686.80005,1.339133
United States,2012,0.18464441899999998,0.65502103,0.887150628,0.756385792,0.42525480200000004,0.48103446299999997,0.347213414,0.44058831,0.26409090399999996,0.28881924600000003,0.019158321000000002,51602.93105,51602.93105,1.1615870000000001
Viet Nam,2012,-0.0035433229999999997,0.273791298,0.368676292,0.42736663,0.5560810589999999,0.49079144700000005,0.511365935,0.43170098700000004,0.393788477,0.476917902,0.017339432,1735.152116,1735.152116,-1.420069
Brunei Darussalam,2013,-0.249326265,0.2861933,0.497792416,0.6715637240000001,0.408836125,0.404784518,0.44214015799999995,0.527678878,0.22062017899999997,0.287343759,0.129013504,44740.85942,44740.85942,-0.5050725
Cambodia,2013,-0.06796429,0.26008566,0.21411297899999998,0.373893264,0.454974914,0.393904762,0.592601753,0.5209321720000001,0.578601898,0.555409502,0.054754402,1013.420536,1013.420536,-0.9809273000000001
Canada,2013,0.127412371,0.563270126,0.629631551,0.82967473,0.391363504,0.43349377200000005,0.236478487,0.496435932,0.144828379,0.203600173,-0.060789234000000004,52635.174960000004,52635.174960000004,1.453487
France,2013,0.131281272,0.674541416,0.564506195,0.727037862,0.286826597,0.39666662700000005,0.315255306,0.397763546,0.134321121,0.303803963,-0.069565753,42605.04438,42605.04438,1.219247
Germany,2013,0.157264827,0.683681324,0.632873231,0.805495862,0.281780273,0.34677031399999997,0.19868314399999998,0.37492158700000006,0.119951436,0.38180837700000003,-0.057721588,46298.92292,46298.92292,1.406184
Indonesia,2013,0.138053985,0.27608487600000003,0.877555254,0.412652709,0.469488996,0.517932426,0.56442928,0.538440008,0.408604404,0.427622159,-0.00555904,3623.927241,3623.927241,0.0361213
Italy,2013,-0.013123148000000001,0.51539603,0.38400944,0.587697406,0.33849501600000004,0.44107370799999995,0.311062794,0.391678385,0.157478524,0.309539373,-0.055296897000000005,35560.08141,35560.08141,0.9542174000000001
Japan,2013,0.27941718,0.736106378,0.897491588,0.76905429,0.471760788,0.519500569,0.243601321,0.517500866,0.11168292,0.378641684,-0.002504067,40898.6479,40898.6479,1.1096469999999998
Lao PDR,2013,-0.066020145,0.24893199800000002,0.261941655,0.37505322399999996,0.556494769,0.39377682,0.544221232,0.5243081479999999,0.55352734,0.437972753,0.052459117,1831.936916,1831.936916,-1.6494520000000001
Malaysia,2013,0.052826776,0.31228442,0.6094683000000001,0.580122037,0.357345788,0.442959989,0.42124300600000003,0.494644001,0.330254777,0.288282153,-0.050221761,10970.1043,10970.1043,-0.3396792
Myanmar,2013,-0.156463896,0.158097164,0.17203597,0.26630455,0.556374995,0.565127233,0.545715585,0.5062561289999999,0.7111139870000001,0.392333141,0.062601272,1168.1654,1168.1654,-1.461627
Philippines,2013,-0.034335106000000004,0.267334733,0.31862475,0.41392276200000006,0.429828916,0.492328186,0.522316299,0.568652635,0.429516381,0.503542853,0.0066703380000000005,2871.429701,2871.429701,0.0063471000000000005
Singapore,2013,0.059419488,0.7235263940000001,0.784065197,0.862995463,0.338854217,0.538326679,0.26693765,0.436089254,0.205061763,0.5495111570000001,0.16426728599999998,56967.42579,56967.42579,0.0367684
Thailand,2013,0.032511554,0.33174259300000003,0.5594491739999999,0.43463695700000005,0.479450876,0.457569648,0.460857646,0.36452467200000005,0.402854573,0.441209379,-0.014786488,6168.261356,6168.261356,-0.42992579999999997
United Kingdom,2013,0.16428882,0.630306979,0.647947044,0.7932312840000001,0.281274072,0.389993666,0.221563028,0.406087549,0.130259122,0.356566231,-0.071137112,43713.814119999995,43713.814119999995,1.329037
United States,2013,0.174345052,0.6454257179999999,0.897491588,0.746235932,0.42727337,0.48103446299999997,0.347553802,0.440533574,0.263027055,0.289614931,0.024186796,53106.53677,53106.53677,1.103019
Viet Nam,2013,0.0044024979999999995,0.27489359999999996,0.390654884,0.43263637299999996,0.5567636029999999,0.49079144700000005,0.509385495,0.423369347,0.386045042,0.477128802,0.015562323000000001,1886.6901699999999,1886.6901699999999,-1.3664
Brunei Darussalam,2014,-0.216280098,0.329798476,0.5292367139999999,0.661223418,0.41597663700000004,0.404784518,0.434212252,0.527582002,0.24917224300000002,0.28741058,0.125872992,41725.86752,41725.86752,-0.6250251
Cambodia,2014,-0.062473082,0.263971335,0.228441206,0.37414606200000006,0.45104235,0.393904762,0.592729167,0.512531246,0.6136250679999999,0.554388445,0.058560727,1093.495976,1093.495976,-1.107751
Canada,2014,0.13318614,0.55154578,0.665679035,0.843426715,0.391273838,0.43349377200000005,0.23693848,0.49645797700000005,0.144909515,0.203510649,-0.056358991,50955.99832,50955.99832,1.41236
France,2014,0.1385297,0.6798421720000001,0.598479004,0.718354554,0.28450965899999997,0.39666662700000005,0.310555723,0.39951890799999995,0.13445753300000002,0.303475619,-0.068738123,43068.54872,43068.54872,1.2181600000000001
Germany,2014,0.16884147800000002,0.692479817,0.668855881,0.8242207290000001,0.280827805,0.34677031399999997,0.19670167,0.373790766,0.119719325,0.38093124799999994,-0.052205151,48023.86998,48023.86998,1.4363299999999999
Indonesia,2014,-0.035043236,0.276712157,0.339760505,0.43353379299999995,0.46679499700000004,0.517932426,0.560787534,0.530800306,0.420233656,0.428089427,-0.004519751,3491.6374909999995,3491.6374909999995,0.1539049
Italy,2014,0.0025832470000000003,0.516901353,0.442359684,0.573252092,0.335263329,0.44107370799999995,0.313506544,0.39242086,0.154190006,0.308653345,-0.056505810999999996,35565.72138,35565.72138,0.9992626
Japan,2014,0.21588261,0.737701127,0.699133175,0.778139062,0.469030612,0.519500569,0.238684965,0.519350533,0.111622499,0.37854675600000004,-0.002830998,38475.39525,38475.39525,1.036089
Lao PDR,2014,-0.062202497,0.250032957,0.255310104,0.40036981,0.555319837,0.39377682,0.55092045,0.52751194,0.52342981,0.438365048,0.05014257900000001,1999.9582030000001,1999.9582030000001,-1.73322
Malaysia,2014,0.077740726,0.32254172,0.660103345,0.6100830979999999,0.362619852,0.442959989,0.41869304399999996,0.491733829,0.327407915,0.288706653,-0.047018048,11319.061940000001,11319.061940000001,-0.3603031
Myanmar,2014,-0.133688053,0.19047210399999998,0.19433873,0.283227396,0.555029635,0.565127233,0.543796149,0.504106352,0.72321069,0.39244304700000004,0.066618605,1210.097636,1210.097636,-1.343992
Philippines,2014,-0.018038953,0.273477025,0.347670204,0.432561256,0.426118135,0.492328186,0.52454549,0.5723161999999999,0.437395355,0.503715672,0.008893669,2959.6454350000004,2959.6454350000004,0.15926600000000002
Singapore,2014,0.078874077,0.7311029440000001,0.845138452,0.872981635,0.33237116899999997,0.538326679,0.267576353,0.433352274,0.20015961899999998,0.54951932,0.166603679,57562.53079,57562.53079,-0.0986594
Thailand,2014,0.049258219000000006,0.32660389100000004,0.605740367,0.44475906,0.478442751,0.457569648,0.45185631299999995,0.359366565,0.40075403200000004,0.44143811,-0.017561333000000002,5951.883487,5951.883487,-0.8747826
United Kingdom,2014,0.18448485899999997,0.63124362,0.715147075,0.80415133,0.280216477,0.389993666,0.219320756,0.40335047799999996,0.12964811699999998,0.35666160399999997,-0.068303213,47787.2413,47787.2413,1.27579
United States,2014,0.09406597,0.646019083,0.679585843,0.7504804820000001,0.427072705,0.48103446299999997,0.34832090200000004,0.44058808,0.13790627800000002,0.29041043,0.009405505,55049.98832999999,55049.98832999999,1.071223
Viet Nam,2014,0.012478442,0.28750262600000004,0.406928119,0.433490881,0.553590509,0.49079144700000005,0.510456216,0.415488588,0.392399871,0.47733970299999995,0.01617956,2030.278447,2030.278447,-1.374715
Brunei Darussalam,2015,-0.137890355,0.31243030899999996,0.521262181,0.653160799,0.416697827,0.404784518,0.434418924,0.5273800120000001,0.23609294100000003,0.287477402,0.063268423,31164.03625,31164.03625,-0.7541477
Cambodia,2015,-0.068669153,0.258382767,0.221633677,0.37085486700000003,0.45083921,0.393904762,0.591924581,0.517495265,0.597911007,0.55335825,0.052841658,1162.9049949999999,1162.9049949999999,-1.122615
Canada,2015,0.131056434,0.553762393,0.643052107,0.841992493,0.390242679,0.43349377200000005,0.238034165,0.496174224,0.14499068,0.20342116600000001,-0.060295417999999996,43596.135539999996,43596.135539999996,1.467126
France,2015,0.134622549,0.6759323079999999,0.610116636,0.708973961,0.28425071,0.39666662700000005,0.315453084,0.400944666,0.134594036,0.303154785,-0.065431741,36652.92231,36652.92231,1.206641
Germany,2015,0.155383729,0.6978243129999999,0.643441108,0.812449778,0.281579917,0.34677031399999997,0.195074512,0.37182851100000003,0.119487207,0.380054115,-0.050892015,41103.25644,41103.25644,1.421997
Indonesia,2015,-0.035868392,0.28361155600000004,0.34180276299999995,0.421675491,0.46637913200000003,0.517932426,0.556164271,0.536974933,0.424105501,0.428556696,-0.003853391,3331.695115,3331.695115,0.184858
Italy,2015,0.004047393,0.520264874,0.455131904,0.571556606,0.33807544100000003,0.44107370799999995,0.310412154,0.393404827,0.15290099,0.307692139,-0.05437099,30242.38614,30242.38614,1.034772
Japan,2015,0.20487744800000002,0.740643782,0.683864861,0.7746977859999999,0.46892084799999995,0.519500569,0.247896368,0.5231594310000001,0.111675958,0.37845182,0.0031164490000000003,34960.63938,34960.63938,0.9880549000000001
Lao PDR,2015,-0.065246261,0.250850692,0.251531231,0.398403016,0.554345878,0.39377682,0.559077464,0.536503407,0.521759423,0.438756336,0.054069415,2140.044323,2140.044323,-1.7535150000000002
Malaysia,2015,0.079662384,0.333958915,0.675987578,0.591316108,0.36281387,0.442959989,0.418608545,0.494079935,0.296306927,0.289128318,-0.051100454000000003,9955.242721999999,9955.242721999999,-0.3914768
Myanmar,2015,-0.11998002699999999,0.208935272,0.21495581600000002,0.287706326,0.556198385,0.565127233,0.5460526689999999,0.498923826,0.7289814040000001,0.392552952,0.06501942,1196.743357,1196.743357,-1.218982
Philippines,2015,-0.028355457999999997,0.265267863,0.336745742,0.42396672,0.42603620000000003,0.492328186,0.518303364,0.572636897,0.452722544,0.503888671,0.011399073999999999,3001.043182,3001.043182,0.1470693
Singapore,2015,0.065110648,0.730915242,0.833046985,0.880361085,0.332451868,0.538326679,0.26894103,0.43513812399999996,0.229789374,0.536715677,0.178151726,55646.61875,55646.61875,-0.1618217
Thailand,2015,0.045956704,0.329872768,0.600650929,0.44155474100000003,0.480268536,0.457569648,0.448195694,0.367313183,0.39871428200000003,0.44166684100000003,-0.015697793999999998,5840.053067,5840.053067,-0.9691050999999999
United Kingdom,2015,0.18570949899999997,0.632402983,0.72584462,0.813664536,0.27870684100000004,0.389993666,0.217817061,0.403938258,0.129496117,0.356756973,-0.065180454,45404.56777,45404.56777,1.2978370000000001
United States,2015,0.08555610699999999,0.648194874,0.673815652,0.7538553570000001,0.42634764700000005,0.48103446299999997,0.34881451799999996,0.44238860799999996,0.141731205,0.29120573,0.015972487,56863.3715,56863.3715,1.109821
Viet Nam,2015,0.016419653,0.290215233,0.410493967,0.44413445799999995,0.551927052,0.49079144700000005,0.508216205,0.426150973,0.37141574200000005,0.477550604,0.014826778999999998,2085.101349,2085.101349,-1.358865
Brunei Darussalam,2016,-0.10357937199999999,0.310355454,0.546287952,0.6440665560000001,0.404664029,0.404784518,0.44160149,0.528057192,0.277432007,0.287544223,0.04938927,27158.40565,27158.40565,-0.9010094000000001
Cambodia,2016,-0.058442678,0.27465934399999997,0.24383918699999999,0.36713545299999994,0.45160446299999996,0.393904762,0.5889497370000001,0.5226009420000001,0.577518674,0.552318811,0.048075559000000004,1269.591499,1269.591499,-1.105392
Canada,2016,0.112198624,0.5493791020000001,0.61047322,0.84808526,0.390242679,0.43349377200000005,0.23873333100000002,0.49567143399999997,0.145071895,0.20333177,-0.054468442,42315.60371,42315.60371,1.445155
France,2016,0.11217092099999999,0.678898806,0.575560324,0.702797288,0.28374517899999996,0.39666662700000005,0.31315070899999997,0.40205257299999997,0.134730635,0.302833962,-0.059074339000000003,37062.53357,37062.53357,1.136473
Germany,2016,0.126360681,0.7000570340000001,0.600877847,0.808068247,0.280023129,0.34677031399999997,0.19629008899999997,0.37009759600000003,0.119484276,0.37917698299999997,-0.041833592999999995,42136.12079,42136.12079,1.364375
Indonesia,2016,-0.031479221,0.29019760699999997,0.32971129600000004,0.44387621200000005,0.46672542899999997,0.517932426,0.554858353,0.543710079,0.426198643,0.429023964,-0.001691612,3562.8163340000006,3562.8163340000006,0.1679469
Italy,2016,-0.016521544,0.525918087,0.42556778,0.576940224,0.336068005,0.44107370799999995,0.311087825,0.39432892399999997,0.149740984,0.306730927,-0.045389909000000006,30960.73151,30960.73151,1.0349760000000001
Japan,2016,0.19142654899999997,0.743685612,0.6350451570000001,0.774071898,0.46990949200000004,0.519500569,0.245186555,0.526631066,0.11173123800000001,0.378356876,0.00203722,39400.73936,39400.73936,0.9836273999999999
Lao PDR,2016,-0.05327386,0.25400485100000003,0.292543117,0.39978229299999996,0.553551252,0.39377682,0.577061533,0.545742149,0.516919465,0.439146356,0.060635963,2324.4009170000004,2324.4009170000004,-1.7591970000000001
Malaysia,2016,0.051775010999999996,0.33309695,0.619128507,0.575987631,0.36650486200000004,0.442959989,0.44211394,0.496974297,0.318771106,0.289546767,-0.039878682,9817.78709,9817.78709,-0.41698640000000003
Myanmar,2016,-0.082774357,0.216421964,0.258037746,0.349831099,0.5556724479999999,0.565127233,0.563330028,0.494066195,0.736858233,0.39266285700000003,0.070210102,1136.610665,1136.610665,-0.7967733
Philippines,2016,-0.041209172,0.276976913,0.317068743,0.400746822,0.427501003,0.492328186,0.532935475,0.57321036,0.42193390799999997,0.504062342,0.009841492,3073.654686,3073.654686,0.1634221
Singapore,2016,0.034357597000000004,0.737333982,0.764420614,0.884700232,0.334065856,0.538326679,0.269282017,0.438318211,0.188237226,0.510922856,0.175537639,56848.17539,56848.17539,-0.1503981
Thailand,2016,0.034563283,0.33645291899999996,0.56405236,0.44875136600000004,0.478619764,0.457569648,0.443844336,0.374984573,0.39028994899999997,0.441895572,-0.01433533,5993.305515999999,5993.305515999999,-1.023132
United Kingdom,2016,0.16026189400000002,0.6303938579999999,0.690737223,0.798116965,0.282375417,0.389993666,0.21465057699999998,0.404305959,0.12959429,0.356855542,-0.059663742,41499.5557,41499.5557,1.295399
United States,2016,0.068215422,0.655436602,0.630830972,0.7534386009999999,0.425219092,0.48103446299999997,0.34924524100000004,0.44422695799999995,0.262221211,0.292000882,0.039953326000000004,58021.4005,58021.4005,1.110259
Viet Nam,2016,0.035260102,0.294826818,0.441873432,0.47137449299999995,0.551675833,0.49079144700000005,0.5057704000000001,0.43706154799999997,0.35838078,0.477761505,0.015737861000000002,2192.174482,2192.174482,-1.373433
Brunei Darussalam,2017,-0.125320475,0.291218941,0.548621962,0.66267282,0.401619248,0.404784518,0.43137068100000003,0.5342791339999999,0.251256458,0.287611044,0.058975125999999996,28571.608289999996,28571.608289999996,-0.9486976999999999
Cambodia,2017,-0.064189848,0.27499513,0.237550327,0.35946012,0.45188552,0.393904762,0.589944169,0.528231166,0.586602532,0.551270708,0.047221504000000004,1385.260066,1385.260066,-1.154714
Canada,2017,0.09984877699999999,0.5527898760000001,0.603957443,0.842922215,0.390242679,0.43349377200000005,0.237926092,0.505635266,0.14515304099999998,0.203242233,-0.04645424,45129.4293,45129.4293,1.477724
France,2017,0.10847706900000001,0.68559083,0.570406053,0.716287783,0.283979393,0.39666662700000005,0.313193944,0.40380432299999997,0.13473186,0.302513135,-0.052902302000000005,38781.04949,38781.04949,1.152415
Germany,2017,0.11137891400000001,0.7024211709999999,0.5963070779999999,0.801588185,0.279788915,0.34677031399999997,0.194510913,0.37256012,0.119479758,0.37829985,-0.033730276000000003,44652.58917,44652.58917,1.4322620000000001
Indonesia,2017,-0.014773159,0.301660782,0.37094546799999994,0.447590651,0.466959643,0.517932426,0.5497951670000001,0.539010829,0.41956699,0.42949123200000006,-0.0030325509999999996,3837.5780240000004,3837.5780240000004,0.131601
Italy,2017,-0.02846317,0.5271160229999999,0.41130438700000005,0.579666407,0.33630221899999996,0.44107370799999995,0.309830695,0.394163955,0.146136179,0.30675783100000004,-0.040437845,32406.72032,32406.72032,0.9906023000000002
Japan,2017,0.192333712,0.74333682,0.644348779,0.783943665,0.46944106399999996,0.519500569,0.242601619,0.5252496170000001,0.111800861,0.37826192399999997,0.00492516,38891.08627,38891.08627,1.003693
Lao PDR,2017,-0.050794438,0.251746483,0.317068743,0.39086132700000004,0.553317038,0.39377682,0.570373483,0.531366817,0.49625229,0.439535931,0.053653035,2455.211559,2455.211559,-1.751465
Malaysia,2017,0.02949327,0.331687361,0.5800338429999999,0.565551545,0.36580222,0.442959989,0.443139336,0.503830431,0.314717919,0.289965143,-0.035701852,10259.30481,10259.30481,-0.3988987
Myanmar,2017,-0.08413693300000001,0.21782263600000001,0.26601227899999996,0.339903625,0.555953505,0.565127233,0.5460806739999999,0.500601028,0.734017485,0.39277276299999997,0.06407136,1151.114462,1151.114462,-0.8646715
Philippines,2017,-0.037349797000000004,0.280108659,0.324168023,0.408042481,0.428203644,0.492328186,0.52040638,0.568567068,0.382058058,0.504228924,0.001625841,3123.2456420000003,3123.2456420000003,0.0841495
Singapore,2017,0.013530588,0.7359252190000001,0.7781329220000001,0.889140113,0.334065856,0.538326679,0.26865018,0.44447223700000005,0.22582428100000002,0.485130034,0.196286829,61176.456360000004,61176.456360000004,-0.1690625
Thailand,2017,0.035596661,0.341725839,0.561945267,0.460121072,0.47885397799999996,0.457569648,0.43892446399999996,0.376569053,0.381084023,0.442124303,-0.013742198,6593.818352,6593.818352,-1.045534
United Kingdom,2017,0.144369122,0.618918296,0.6873010420000001,0.79085604,0.281672775,0.389993666,0.215709695,0.409267096,0.129859061,0.356954111,-0.052966035,40857.755580000005,40857.755580000005,1.36325
United States,2017,0.058385846,0.655338492,0.62629262,0.758688485,0.42451645,0.48103446299999997,0.348809872,0.447684168,0.131985605,0.292795796,0.025553687000000002,60109.65573,60109.65573,1.008988
Viet Nam,2017,0.035904328,0.300259779,0.44939413,0.46866332200000005,0.5526126889999999,0.49079144700000005,0.500526794,0.43271594700000005,0.348640953,0.477972406,0.014358911,2365.5216149999997,2365.5216149999997,-1.41114
Brunei Darussalam,2018,-0.10770318300000001,0.344844186,0.5539383170000001,0.66890979,0.398574466,0.404784518,0.42308211700000004,0.540308847,0.28960476,0.287611044,0.067261929,31628.476260000003,31628.476260000003,-0.8626921999999999
Cambodia,2018,-0.067044949,0.280844921,0.231650469,0.355683971,0.452166577,0.393904762,0.588247391,0.534091042,0.584711752,0.551270708,0.047888098,1512.126989,1512.126989,-1.236658
Canada,2018,0.080419536,0.5626858379999999,0.592157727,0.82146633,0.390242679,0.43349377200000005,0.237178762,0.51574558,0.17141755,0.203242233,-0.03264092,46548.63841,46548.63841,1.490146
France,2018,0.08835082,0.6880009420000001,0.562885355,0.7092381170000001,0.284213607,0.39666662700000005,0.304309915,0.40540325299999996,0.13473186,0.302513135,-0.043205392999999995,41592.7959,41592.7959,1.146513
Germany,2018,0.09435619599999999,0.704322868,0.5875869579999999,0.8082129290000001,0.279554701,0.34677031399999997,0.195926989,0.37522648299999994,0.119479758,0.37829985,-0.021617991,47973.607619999995,47973.607619999995,1.431259
Indonesia,2018,-0.009157633,0.303003436,0.398370083,0.44583457600000004,0.46719385700000005,0.517932426,0.5396749820000001,0.534185748,0.41106223,0.42949123200000006,-0.0047128429999999995,3893.859578,3893.859578,0.1543517
Italy,2018,-0.027182732,0.5445783820000001,0.435195571,0.581488653,0.33653643299999997,0.44107370799999995,0.307028749,0.39388563200000004,0.150704227,0.30675783100000004,-0.031281912,34622.169669999996,34622.169669999996,0.9533946
Japan,2018,0.18000776100000002,0.743998293,0.642274104,0.77287469,0.468972636,0.519500569,0.24046626899999998,0.523587199,0.111800861,0.37826192399999997,0.009737286,39808.168560000006,39808.168560000006,0.9844933000000001
Lao PDR,2018,-0.046631915999999995,0.251452868,0.339816076,0.388311085,0.553082824,0.39377682,0.570047403,0.5171996839999999,0.479724717,0.439535931,0.049074136,2569.0938920000003,2569.0938920000003,-1.7526650000000001
Malaysia,2018,0.031732155,0.333127434,0.574101568,0.599120129,0.365099578,0.442959989,0.448160161,0.510783243,0.314636937,0.289965143,-0.028795294,11380.08209,11380.08209,-0.1071984
Myanmar,2018,-0.086591343,0.22092586399999997,0.270226464,0.331095857,0.556234562,0.565127233,0.542400207,0.5072627789999999,0.730800908,0.39277276299999997,0.066587486,1250.173691,1250.173691,-0.9051722
Philippines,2018,-0.04474638400000001,0.277256525,0.319726921,0.40174178899999996,0.428906286,0.492328186,0.517585624,0.563788473,0.383312751,0.504228924,0.002107362,3252.1102739999997,3252.1102739999997,0.013624899999999999
Singapore,2018,-0.00687709,0.7486475159999999,0.77936476,0.887912722,0.334065856,0.538326679,0.26786821899999996,0.45152580700000006,0.22582428100000002,0.485130034,0.21400591100000002,66679.04649,66679.04649,-0.0839707
Thailand,2018,0.042034887,0.342463291,0.601623433,0.45480158299999995,0.479088192,0.457569648,0.43664677700000004,0.37839128200000005,0.38438864799999994,0.442124303,-0.00969778,7296.879608,7296.879608,-1.022456
United Kingdom,2018,0.123081636,0.612967455,0.680752848,0.778506015,0.280970133,0.389993666,0.21488994399999997,0.414097824,0.130240584,0.356954111,-0.04355451900000001,43646.95197,43646.95197,1.3694870000000001
United States,2018,0.04101414,0.65630846,0.618869172,0.754875418,0.42381380799999996,0.48103446299999997,0.34810019299999995,0.45122008399999997,0.131985605,0.292795796,0.035343419,63064.418410000006,63064.418410000006,0.9763639000000001
Viet Nam,2018,0.037578932999999995,0.309920792,0.45659066,0.465607114,0.553549545,0.49079144700000005,0.499011762,0.428594266,0.35375128,0.477972406,0.016406433,2566.447487,2566.447487,-1.476469
Brunei Darussalam,2019,-0.127562305,0.286374578,0.601578288,0.662772585,0.41587753,0.404784518,0.416632999,0.54055985,0.28960476,0.287611044,0.078720355,31085.96193,31085.96193,-0.9679027
Cambodia,2019,-0.069355501,0.282720843,0.228995516,0.35412884200000005,0.451656625,0.393904762,0.586437348,0.535036435,0.584711752,0.551270708,0.048695617000000004,1643.1213890000001,1643.1213890000001,-1.2202959999999998
Canada,2019,0.073622073,0.558727691,0.587067101,0.820527235,0.390242679,0.43349377200000005,0.237580653,0.517513618,0.17141755,0.203242233,-0.029933308,46328.671839999995,46328.671839999995,1.431915
France,2019,0.08882002800000001,0.6857984009999999,0.583842393,0.7326345790000001,0.283975688,0.39666662700000005,0.30360324699999997,0.40672744200000005,0.13473186,0.302513135,-0.033955529,40578.64429,40578.64429,1.1164379999999998
Germany,2019,0.08563330300000001,0.7050195570000001,0.578844096,0.8020878109999999,0.279165452,0.34677031399999997,0.195931978,0.37651246899999996,0.119479758,0.37829985,-0.018762594,46794.89929,46794.89929,1.355591
Indonesia,2019,-0.014298463999999999,0.315597707,0.38636127,0.439615772,0.467592926,0.517932426,0.5395910970000001,0.534772326,0.41106223,0.42949123200000006,-0.0023553429999999998,4135.201531000001,4135.201531000001,0.1321091
Italy,2019,-0.029854827,0.551057251,0.420704411,0.599322261,0.33686957799999995,0.44107370799999995,0.307173735,0.3948315,0.150704227,0.30675783100000004,-0.027022649,33641.63375,33641.63375,0.9066436999999999
Japan,2019,0.17470982899999998,0.7450390709999999,0.634825028,0.774548844,0.47045928299999995,0.519500569,0.241384643,0.524999256,0.111800861,0.37826192399999997,0.012889686000000001,40777.6087,40777.6087,0.9313421000000001
Lao PDR,2019,-0.050265432,0.253318799,0.334120999,0.38687243299999996,0.55621094,0.39377682,0.577777877,0.517462428,0.479724717,0.439535931,0.052568446,2635.800015,2635.800015,-1.8165310000000001
Malaysia,2019,0.033480327000000004,0.329918196,0.615380038,0.586130124,0.364321568,0.442959989,0.447864695,0.511594574,0.314636937,0.289965143,-0.024366757000000003,11432.823,11432.823,-0.0490037
Myanmar,2019,-0.090568458,0.22092586399999997,0.265918424,0.326581914,0.557086793,0.565127233,0.538277449,0.506791204,0.730800908,0.39277276299999997,0.066664885,1271.111575,1271.111575,-0.8572586999999999
Philippines,2019,-0.046263815,0.27358552199999997,0.317030047,0.411812832,0.428881864,0.492328186,0.519420059,0.562988255,0.383312751,0.504228924,0.00413706,3485.340844,3485.340844,0.0065084
Singapore,2019,-0.014014287,0.748457074,0.775777018,0.8920012359999999,0.334201173,0.538326679,0.268107726,0.455644351,0.22582428100000002,0.485130034,0.219652552,65640.70795,65640.70795,-0.2060103
Thailand,2019,0.048130070999999996,0.34822742,0.609801293,0.46983888799999995,0.479621746,0.457569648,0.436599926,0.38073940700000003,0.38438864799999994,0.442124303,-0.006814139,7817.009671,7817.009671,-0.8468075
United Kingdom,2019,0.11836190199999999,0.599464248,0.689451583,0.786847985,0.27924694699999997,0.389993666,0.213072242,0.41510062200000003,0.130240584,0.356954111,-0.039987374,43070.498360000005,43070.498360000005,1.261399
United States,2019,0.017395341,0.656818181,0.6103494939999999,0.7248467470000001,0.42464268,0.48103446299999997,0.348336831,0.45259962600000003,0.131985605,0.292795796,0.043150509000000004,65279.52903,65279.52903,0.903805
Viet Nam,2019,0.044605556,0.31164946600000004,0.482199594,0.46827505399999997,0.554880045,0.49079144700000005,0.496677075,0.431207885,0.35375128,0.477972406,0.018687188,2715.27598,2715.27598,-1.405681
Brunei Darussalam,2020,,,,,,,,,,,,27442.953830000002,27442.953830000002,-0.9322214
Canada,2020,,,,,,,,,,,,43258.263869999995,43258.263869999995,1.476175
Germany,2020,,,,,,,,,,,,46252.6893,46252.6893,1.377576
France,2020,,,,,,,,,,,,39037.12263,39037.12263,1.0694299999999999
United Kingdom,2020,,,,,,,,,,,,41059.16881,41059.16881,1.246781
Indonesia,2020,,,,,,,,,,,,3869.588427,3869.588427,0.09967639999999998
Italy,2020,,,,,,,,,,,,31769.96587,31769.96587,1.057024
Japan,2020,,,,,,,,,,,,40193.25244,40193.25244,0.9876988000000001
Cambodia,2020,,,,,,,,,,,,1543.669258,1543.669258,-1.358499
Lao PDR,2020,,,,,,,,,,,,2629.714583,2629.714583,-1.795886
Myanmar,2020,,,,,,,,,,,,1467.6042810000001,1467.6042810000001,-0.9443119000000001
Malaysia,2020,,,,,,,,,,,,10412.348979999999,10412.348979999999,-0.148041
Philippines,2020,,,,,,,,,,,,3298.829586,3298.829586,-0.10362089999999999
Singapore,2020,,,,,,,,,,,,59797.752179999996,59797.752179999996,-0.2021155
Thailand,2020,,,,,,,,,,,,7186.874092,7186.874092,-0.8098914
United States,2020,,,,,,,,,,,,63206.52108,63206.52108,0.8689369
Viet Nam,2020,,,,,,,,,,,,2785.724161,2785.724161,-1.38047
